-- phpMyAdmin SQL Dump
-- version 4.8.5
-- https://www.phpmyadmin.net/
--
-- Hôte : 127.0.0.1:3306
-- Généré le :  mer. 18 sep. 2019 à 09:11
-- Version du serveur :  5.7.26
-- Version de PHP :  7.2.18

SET SQL_MODE = "NO_AUTO_VALUE_ON_ZERO";
SET AUTOCOMMIT = 0;
START TRANSACTION;
SET time_zone = "+00:00";


/*!40101 SET @OLD_CHARACTER_SET_CLIENT=@@CHARACTER_SET_CLIENT */;
/*!40101 SET @OLD_CHARACTER_SET_RESULTS=@@CHARACTER_SET_RESULTS */;
/*!40101 SET @OLD_COLLATION_CONNECTION=@@COLLATION_CONNECTION */;
/*!40101 SET NAMES utf8mb4 */;

--
-- Base de données :  `eapi`
--

-- --------------------------------------------------------

--
-- Structure de la table `failed_jobs`
--

DROP TABLE IF EXISTS `failed_jobs`;
CREATE TABLE IF NOT EXISTS `failed_jobs` (
  `id` bigint(20) UNSIGNED NOT NULL AUTO_INCREMENT,
  `connection` text COLLATE utf8mb4_unicode_ci NOT NULL,
  `queue` text COLLATE utf8mb4_unicode_ci NOT NULL,
  `payload` longtext COLLATE utf8mb4_unicode_ci NOT NULL,
  `exception` longtext COLLATE utf8mb4_unicode_ci NOT NULL,
  `failed_at` timestamp NOT NULL DEFAULT CURRENT_TIMESTAMP,
  PRIMARY KEY (`id`)
) ENGINE=InnoDB DEFAULT CHARSET=utf8mb4 COLLATE=utf8mb4_unicode_ci;

-- --------------------------------------------------------

--
-- Structure de la table `migrations`
--

DROP TABLE IF EXISTS `migrations`;
CREATE TABLE IF NOT EXISTS `migrations` (
  `id` int(10) UNSIGNED NOT NULL AUTO_INCREMENT,
  `migration` varchar(255) COLLATE utf8mb4_unicode_ci NOT NULL,
  `batch` int(11) NOT NULL,
  PRIMARY KEY (`id`)
) ENGINE=InnoDB AUTO_INCREMENT=6 DEFAULT CHARSET=utf8mb4 COLLATE=utf8mb4_unicode_ci;

--
-- Déchargement des données de la table `migrations`
--

INSERT INTO `migrations` (`id`, `migration`, `batch`) VALUES
(1, '2014_10_12_000000_create_users_table', 1),
(2, '2014_10_12_100000_create_password_resets_table', 1),
(3, '2019_08_19_000000_create_failed_jobs_table', 1),
(4, '2019_09_16_190155_create_products_table', 1),
(5, '2019_09_16_190700_create_reviews_table', 1);

-- --------------------------------------------------------

--
-- Structure de la table `password_resets`
--

DROP TABLE IF EXISTS `password_resets`;
CREATE TABLE IF NOT EXISTS `password_resets` (
  `email` varchar(255) COLLATE utf8mb4_unicode_ci NOT NULL,
  `token` varchar(255) COLLATE utf8mb4_unicode_ci NOT NULL,
  `created_at` timestamp NULL DEFAULT NULL,
  KEY `password_resets_email_index` (`email`)
) ENGINE=InnoDB DEFAULT CHARSET=utf8mb4 COLLATE=utf8mb4_unicode_ci;

-- --------------------------------------------------------

--
-- Structure de la table `products`
--

DROP TABLE IF EXISTS `products`;
CREATE TABLE IF NOT EXISTS `products` (
  `id` bigint(20) UNSIGNED NOT NULL AUTO_INCREMENT,
  `name` varchar(255) COLLATE utf8mb4_unicode_ci NOT NULL,
  `detail` text COLLATE utf8mb4_unicode_ci NOT NULL,
  `price` int(11) NOT NULL,
  `stock` int(11) NOT NULL,
  `discount` int(11) NOT NULL,
  `created_at` timestamp NULL DEFAULT NULL,
  `updated_at` timestamp NULL DEFAULT NULL,
  PRIMARY KEY (`id`)
) ENGINE=InnoDB AUTO_INCREMENT=51 DEFAULT CHARSET=utf8mb4 COLLATE=utf8mb4_unicode_ci;

--
-- Déchargement des données de la table `products`
--

INSERT INTO `products` (`id`, `name`, `detail`, `price`, `stock`, `discount`, `created_at`, `updated_at`) VALUES
(1, 'quasi', 'Maxime neque velit ipsa dolorem. Eos ipsam corrupti ad qui odio. Ratione rerum ducimus in deserunt et.', 464, 0, 16, '2019-09-18 08:05:48', '2019-09-18 08:05:48'),
(2, 'omnis', 'Voluptas ut laboriosam adipisci ea illo. Sit minima provident harum rerum cupiditate quis. Totam deserunt atque ab molestiae eveniet est earum. Et facere voluptatem reiciendis libero incidunt tenetur at.', 866, 2, 16, '2019-09-18 08:05:48', '2019-09-18 08:05:48'),
(3, 'rerum', 'Et totam enim architecto sed quia. Ut neque consequatur quam ut aspernatur. Laborum blanditiis fuga minus ipsam sunt dolorum voluptatem voluptatum. Ad et rem debitis nam qui nam reprehenderit voluptate.', 799, 9, 11, '2019-09-18 08:05:48', '2019-09-18 08:05:48'),
(4, 'ducimus', 'Eum dolorem consequatur quo in rem doloremque impedit. Quos tempore praesentium nihil quos maxime. Veniam qui ut aut facere qui sint vel. Quo aut officiis non harum ut.', 551, 9, 25, '2019-09-18 08:05:50', '2019-09-18 08:05:50'),
(5, 'quo', 'Sunt dolorem non quaerat voluptatibus alias. Et temporibus iusto similique qui est. Quo tenetur dolor ut dolorem esse veniam quis. Nisi at eum vel placeat eos culpa quisquam amet.', 740, 2, 3, '2019-09-18 08:05:50', '2019-09-18 08:05:50'),
(6, 'eum', 'Maiores rerum culpa nihil molestiae qui dolores. Occaecati est voluptate temporibus. Illo fuga culpa libero natus. Omnis blanditiis et est qui. Labore vel inventore enim alias.', 406, 6, 6, '2019-09-18 08:05:51', '2019-09-18 08:05:51'),
(7, 'autem', 'Possimus dignissimos et omnis sed illum. Officiis atque porro enim ad tempora eum. Nam culpa voluptatem ratione dolore.', 707, 9, 3, '2019-09-18 08:05:51', '2019-09-18 08:05:51'),
(8, 'tempore', 'Earum in laboriosam iste ipsum veritatis facilis magni. Ut omnis quasi neque ipsum ullam recusandae officiis. Atque est quia nobis qui. Tempora consequuntur pariatur neque commodi.', 124, 4, 5, '2019-09-18 08:05:51', '2019-09-18 08:05:51'),
(9, 'id', 'Quisquam dolores possimus impedit illo voluptatibus repellendus aut. Voluptate placeat illum sit. Eos quidem id ea odit harum aut. Reiciendis qui vel aperiam. Deleniti voluptates sed harum aperiam.', 189, 4, 24, '2019-09-18 08:05:51', '2019-09-18 08:05:51'),
(10, 'rerum', 'Est eos sapiente nesciunt. Perferendis voluptates et laboriosam quia vero sit maxime. Ipsam impedit distinctio voluptates ipsa hic consequatur qui voluptatem.', 991, 3, 12, '2019-09-18 08:05:51', '2019-09-18 08:05:51'),
(11, 'tempora', 'Aut velit quia corrupti. Consectetur ipsum quia minima est. Ea quasi iusto vel molestias quae voluptas magni.', 162, 7, 7, '2019-09-18 08:05:51', '2019-09-18 08:05:51'),
(12, 'rerum', 'Nam fugiat accusamus maxime sed repellat nesciunt. Accusantium deserunt qui quia et eos perferendis. Pariatur aut ipsa quia qui blanditiis assumenda. Minus aut quidem ut omnis voluptatum magni harum rerum.', 124, 6, 15, '2019-09-18 08:05:51', '2019-09-18 08:05:51'),
(13, 'aut', 'Doloribus recusandae eos voluptates iste. A rerum voluptatibus maxime qui rem. Et tempora fugit reprehenderit suscipit dolorum. Sint quod non quos dolorem ut dolorem velit. Cupiditate officiis sint laudantium vel.', 342, 6, 26, '2019-09-18 08:05:51', '2019-09-18 08:05:51'),
(14, 'in', 'Tempore numquam impedit perferendis cum. Non minima voluptas aspernatur porro et dolore libero dignissimos. Ipsum quasi recusandae laborum sed.', 557, 5, 25, '2019-09-18 08:05:51', '2019-09-18 08:05:51'),
(15, 'sit', 'Ea eos et nam necessitatibus doloribus. Qui aut sed vitae et earum cupiditate. Veritatis saepe non reprehenderit consectetur aperiam.', 992, 6, 16, '2019-09-18 08:05:51', '2019-09-18 08:05:51'),
(16, 'consequuntur', 'Tempora molestiae perferendis temporibus aliquam hic. Dicta non libero voluptatem recusandae. Sequi error qui laudantium molestias a.', 693, 6, 30, '2019-09-18 08:05:51', '2019-09-18 08:05:51'),
(17, 'autem', 'Laborum ut dicta voluptas sunt. Temporibus nihil sapiente vel qui optio. Cupiditate voluptatibus nisi ea impedit.', 906, 1, 20, '2019-09-18 08:05:51', '2019-09-18 08:05:51'),
(18, 'maiores', 'Ut atque et ut laborum omnis ea pariatur. Qui eaque ut expedita maxime et. Qui debitis sed minima adipisci consequuntur repellat labore. Maxime in illum est sed.', 519, 1, 2, '2019-09-18 08:05:51', '2019-09-18 08:05:51'),
(19, 'inventore', 'Perferendis nam magni sit. Aliquid et et et suscipit veniam temporibus omnis aliquam. Cum voluptatibus perspiciatis exercitationem sed.', 828, 0, 18, '2019-09-18 08:05:51', '2019-09-18 08:05:51'),
(20, 'alias', 'Non necessitatibus magnam nam nostrum quibusdam commodi deserunt. At velit aspernatur consectetur. Placeat ut velit nobis sit. Quasi pariatur sunt fugit harum.', 532, 4, 22, '2019-09-18 08:05:51', '2019-09-18 08:05:51'),
(21, 'rerum', 'Consequuntur corrupti impedit voluptatem labore fugit expedita velit exercitationem. Labore quo id similique veritatis. Qui laboriosam dolore architecto aut. Est vel qui quis dolores. Et doloribus et maxime ipsa accusamus.', 521, 4, 2, '2019-09-18 08:05:51', '2019-09-18 08:05:51'),
(22, 'ea', 'Ut excepturi vel libero non ipsum qui. Consequatur fuga ipsum omnis nostrum asperiores similique temporibus. Illo facilis aut ipsum laudantium. Laboriosam odio amet quia asperiores deserunt aliquam. Sed quod nisi sed necessitatibus velit itaque.', 324, 7, 16, '2019-09-18 08:05:51', '2019-09-18 08:05:51'),
(23, 'animi', 'Rerum magni dolore iste quisquam nemo eos. Eveniet aspernatur commodi nesciunt nam.', 772, 4, 19, '2019-09-18 08:05:51', '2019-09-18 08:05:51'),
(24, 'aut', 'At a nobis omnis iste totam similique cumque. Facere neque ea voluptas debitis et.', 873, 1, 22, '2019-09-18 08:05:51', '2019-09-18 08:05:51'),
(25, 'qui', 'Molestias et sed blanditiis non doloribus. Impedit velit quam quia maiores distinctio molestiae velit. Atque voluptas aut quidem inventore aspernatur ut. Tempore et pariatur sit porro.', 668, 5, 10, '2019-09-18 08:05:51', '2019-09-18 08:05:51'),
(26, 'numquam', 'Aliquid qui quia excepturi doloribus recusandae. Aspernatur in animi sint. Quo nisi quas rerum iste eligendi alias hic odit. Recusandae itaque officia minus eum molestiae quam cupiditate.', 339, 8, 16, '2019-09-18 08:05:51', '2019-09-18 08:05:51'),
(27, 'cupiditate', 'Quia ut non sit molestiae. Pariatur enim consequatur veniam quos alias sed. A repellendus sed qui totam. Quaerat accusamus vitae ut aut corrupti eum aliquid.', 396, 0, 6, '2019-09-18 08:05:51', '2019-09-18 08:05:51'),
(28, 'blanditiis', 'Saepe aliquid nihil nam corporis sit ipsum. Omnis aut laboriosam saepe id. Voluptates cupiditate iste officia sed accusantium. Pariatur laudantium tempore fugiat ut.', 650, 0, 23, '2019-09-18 08:05:51', '2019-09-18 08:05:51'),
(29, 'omnis', 'Et dolor recusandae voluptatem iusto exercitationem suscipit dolores. Cum et modi ea quia est doloremque. Numquam suscipit quis pariatur aliquam reprehenderit. Nam veniam molestias sunt voluptas doloribus ut.', 796, 7, 21, '2019-09-18 08:05:51', '2019-09-18 08:05:51'),
(30, 'delectus', 'Tempore nam nihil ratione nobis sed ut. Qui sapiente sint consequatur consectetur delectus aliquid. Quo ad qui eos repellat illum aut et.', 744, 0, 15, '2019-09-18 08:05:51', '2019-09-18 08:05:51'),
(31, 'omnis', 'Est quo ad recusandae cumque. Ratione autem ut debitis vel. Maiores quis ut facere voluptatem est iusto. Officiis quasi aliquam reiciendis non vel consequuntur corrupti reiciendis. Accusamus et adipisci rerum minus.', 860, 5, 14, '2019-09-18 08:05:51', '2019-09-18 08:05:51'),
(32, 'in', 'Delectus commodi quibusdam impedit rerum distinctio consequatur. Praesentium sequi sint dolor fuga. Commodi laborum exercitationem accusamus suscipit. Eius esse voluptatum omnis sed modi quos. Dignissimos voluptas doloremque odio magnam maiores.', 814, 7, 8, '2019-09-18 08:05:51', '2019-09-18 08:05:51'),
(33, 'voluptate', 'Hic nostrum optio rerum impedit. Omnis enim eos corrupti tempore aut.', 149, 3, 11, '2019-09-18 08:05:51', '2019-09-18 08:05:51'),
(34, 'laudantium', 'Voluptatem est illo voluptatem. Fuga tempora aspernatur neque et. Sit dolorem illo non ea suscipit quo.', 707, 6, 2, '2019-09-18 08:05:51', '2019-09-18 08:05:51'),
(35, 'ut', 'Iste quisquam sapiente neque eum. Deleniti omnis ut error voluptates in id non. Omnis ea alias aliquid aut rem rerum facilis. Voluptatem quidem excepturi voluptas aspernatur assumenda.', 406, 0, 5, '2019-09-18 08:05:51', '2019-09-18 08:05:51'),
(36, 'commodi', 'Omnis quo a dolor sunt nisi delectus velit. Laudantium non eius tempora non illo id ut. Eos nemo et non beatae enim facilis fuga placeat. Laboriosam nam sit alias et saepe.', 591, 2, 26, '2019-09-18 08:05:51', '2019-09-18 08:05:51'),
(37, 'dolores', 'Dicta nesciunt minus qui ipsam aut repellat eligendi. Nisi non odio earum quo.', 910, 5, 7, '2019-09-18 08:05:51', '2019-09-18 08:05:51'),
(38, 'et', 'Tenetur sunt aliquid possimus vel ea labore dolorum quisquam. Ut repudiandae aliquam enim fugiat dolor et dolores. Id architecto at magni eveniet et sit quidem dolorem.', 459, 3, 11, '2019-09-18 08:05:51', '2019-09-18 08:05:51'),
(39, 'dolor', 'Quos nemo id quas occaecati est debitis sed sunt. Esse soluta inventore aut voluptas eos consectetur et. Odit aut eaque facilis eum nihil blanditiis provident.', 792, 9, 7, '2019-09-18 08:05:52', '2019-09-18 08:05:52'),
(40, 'quia', 'Eum sed corrupti esse aut iusto ut. Sunt quisquam nam non similique consequuntur placeat asperiores. Qui aut adipisci autem quae cupiditate.', 906, 5, 15, '2019-09-18 08:05:52', '2019-09-18 08:05:52'),
(41, 'eum', 'Blanditiis dolor molestiae ea voluptates dolores aut. Laboriosam facere quia sunt corporis ipsum adipisci. Dignissimos ad non reiciendis in sunt saepe aliquid. Et excepturi illo esse omnis non praesentium sapiente dolores.', 974, 7, 18, '2019-09-18 08:05:52', '2019-09-18 08:05:52'),
(42, 'sequi', 'Excepturi molestiae odit omnis rerum nulla ut optio. Vero consequatur eum quia labore quasi. Qui iste et ea est impedit tenetur ratione. Quisquam consectetur rerum excepturi neque voluptatum ut.', 955, 0, 9, '2019-09-18 08:05:52', '2019-09-18 08:05:52'),
(43, 'ea', 'Quos eos aut exercitationem nihil autem consequatur. Dolores quo dignissimos enim animi cupiditate ut. Vel saepe sint sed qui est.', 898, 5, 20, '2019-09-18 08:05:52', '2019-09-18 08:05:52'),
(44, 'enim', 'Ab enim consequatur sed nobis nemo. Expedita rem provident voluptatem atque. Occaecati omnis quas et quis. Repellat laboriosam quia alias earum.', 249, 3, 13, '2019-09-18 08:05:52', '2019-09-18 08:05:52'),
(45, 'ut', 'Assumenda praesentium excepturi vel praesentium autem ut consequatur consequuntur. Labore et voluptates dolore.', 621, 1, 5, '2019-09-18 08:05:52', '2019-09-18 08:05:52'),
(46, 'et', 'Optio voluptatem quia ullam facere unde maiores tempora. Aut illum omnis nulla ab necessitatibus qui. Laborum quia facilis at.', 923, 4, 6, '2019-09-18 08:05:52', '2019-09-18 08:05:52'),
(47, 'voluptatem', 'Et voluptas non enim rerum hic. Nesciunt inventore odit assumenda omnis. Magnam vitae consequatur explicabo asperiores rerum nam. Sunt aut libero reiciendis ut aut quia.', 308, 7, 9, '2019-09-18 08:05:52', '2019-09-18 08:05:52'),
(48, 'ut', 'Enim odit nihil dolore omnis qui aut consectetur. Facere et nihil quia iste sed nam. Assumenda et harum sint pariatur nihil officiis et.', 733, 7, 13, '2019-09-18 08:05:52', '2019-09-18 08:05:52'),
(49, 'harum', 'Quis commodi cum sunt laudantium laudantium quo praesentium. Voluptas facilis id magnam eius minima non magni. Neque rerum commodi adipisci dignissimos commodi. Iste inventore rerum unde consequatur quaerat et incidunt ratione.', 599, 9, 18, '2019-09-18 08:05:52', '2019-09-18 08:05:52'),
(50, 'eius', 'Necessitatibus et reprehenderit reiciendis beatae nisi soluta. Hic facere id temporibus porro aliquid consequatur iure. Sint quibusdam neque delectus dolor sed iure qui.', 103, 0, 10, '2019-09-18 08:05:52', '2019-09-18 08:05:52');

-- --------------------------------------------------------

--
-- Structure de la table `reviews`
--

DROP TABLE IF EXISTS `reviews`;
CREATE TABLE IF NOT EXISTS `reviews` (
  `id` bigint(20) UNSIGNED NOT NULL AUTO_INCREMENT,
  `customer` varchar(255) COLLATE utf8mb4_unicode_ci NOT NULL,
  `review` text COLLATE utf8mb4_unicode_ci NOT NULL,
  `star` int(11) NOT NULL,
  `product_id` bigint(20) UNSIGNED NOT NULL,
  `created_at` timestamp NULL DEFAULT NULL,
  `updated_at` timestamp NULL DEFAULT NULL,
  PRIMARY KEY (`id`),
  KEY `reviews_product_id_index` (`product_id`)
) ENGINE=InnoDB AUTO_INCREMENT=301 DEFAULT CHARSET=utf8mb4 COLLATE=utf8mb4_unicode_ci;

--
-- Déchargement des données de la table `reviews`
--

INSERT INTO `reviews` (`id`, `customer`, `review`, `star`, `product_id`, `created_at`, `updated_at`) VALUES
(1, 'Jana Douglas', 'Aut qui iste et omnis harum. Repellat veritatis omnis assumenda nemo officia. Quia consequatur id dignissimos ratione ipsa reprehenderit.', 2, 14, '2019-09-18 08:05:53', '2019-09-18 08:05:53'),
(2, 'Kaci Koepp', 'Laborum beatae voluptatem numquam fugit aut. Officia optio et est qui illo accusamus et. Numquam minus corrupti illum totam aut necessitatibus sunt non.', 4, 35, '2019-09-18 08:05:53', '2019-09-18 08:05:53'),
(3, 'Arch Morar', 'Molestiae quod ex ut doloribus eius quo. Beatae fugiat aut maxime id. Tempora eum illo nostrum sit dolore incidunt. Ut illum aliquam quia est dignissimos.', 2, 31, '2019-09-18 08:05:53', '2019-09-18 08:05:53'),
(4, 'Jordy Lehner', 'Inventore ut enim accusamus in minima. Nihil consectetur saepe earum esse. Eaque earum eius ipsam.', 0, 24, '2019-09-18 08:05:53', '2019-09-18 08:05:53'),
(5, 'Mose Hilpert III', 'Et eos ullam vel ut et veritatis. Inventore dicta modi adipisci odio eligendi quia. Ducimus aut error aliquam corporis accusantium. Harum perspiciatis quia aspernatur magni necessitatibus.', 0, 30, '2019-09-18 08:05:53', '2019-09-18 08:05:53'),
(6, 'Dr. Kennedy Gleason', 'Ut et aperiam saepe quo consequatur ratione aut. Dignissimos laudantium suscipit consequatur aut nihil. Dicta illo inventore corrupti.', 4, 19, '2019-09-18 08:05:53', '2019-09-18 08:05:53'),
(7, 'Geo Swaniawski', 'Sed voluptas autem tempora aliquid qui sunt. Tenetur vel voluptatem laudantium laudantium asperiores aut. In fugit ea in. Maiores culpa nam fuga.', 3, 36, '2019-09-18 08:05:53', '2019-09-18 08:05:53'),
(8, 'Maxwell Tremblay', 'Aliquam a aliquam assumenda suscipit autem pariatur distinctio. Voluptas nostrum consequatur magni molestiae unde. Ipsa modi natus quaerat aut optio qui. Voluptas assumenda sit est ut quia. Optio quia dolores laborum esse nemo.', 2, 14, '2019-09-18 08:05:53', '2019-09-18 08:05:53'),
(9, 'Justine Stark', 'Ab excepturi sint at nam. Ab voluptatem consequatur sunt itaque est adipisci nisi. Voluptatum esse id ipsa ipsam occaecati eaque voluptatum. Nihil et inventore architecto necessitatibus voluptatem reiciendis sit.', 3, 39, '2019-09-18 08:05:53', '2019-09-18 08:05:53'),
(10, 'Jaime Howell', 'Et soluta facilis sequi omnis qui. Quo voluptatem laborum omnis enim alias quae itaque debitis. Nihil corrupti non quidem id laboriosam aliquid.', 1, 40, '2019-09-18 08:05:53', '2019-09-18 08:05:53'),
(11, 'Jordi Kris', 'Ut voluptas quia sunt vero. Id pariatur quia quae laudantium ad. Qui recusandae ut sint nihil a nulla labore.', 0, 16, '2019-09-18 08:05:53', '2019-09-18 08:05:53'),
(12, 'Maia Will', 'Iusto vero optio sint laudantium vel voluptatem. Quidem itaque est atque atque molestiae nihil. Ea iusto commodi alias aut maiores.', 4, 14, '2019-09-18 08:05:53', '2019-09-18 08:05:53'),
(13, 'Prof. Rollin Bartoletti PhD', 'Excepturi voluptatem quis unde. Quasi omnis ut vitae. Explicabo eius ut dolore sed. Rerum tempora officia ullam expedita quia nulla.', 2, 29, '2019-09-18 08:05:53', '2019-09-18 08:05:53'),
(14, 'Salvador Bartoletti PhD', 'Ut aliquid sint aliquid velit. Dolor inventore et error adipisci expedita doloremque provident alias. Consequatur ut maiores architecto vel rerum nulla veniam. Optio eaque sequi modi iure. Autem ipsa corrupti rerum et quia sint ea.', 5, 21, '2019-09-18 08:05:53', '2019-09-18 08:05:53'),
(15, 'Xander Funk', 'Dolor illo natus at tenetur sunt fugiat qui eos. Alias et sed pariatur harum at. Voluptatibus ut consequatur sequi enim. Veritatis et non nihil consequatur.', 1, 25, '2019-09-18 08:05:53', '2019-09-18 08:05:53'),
(16, 'Miss Jacklyn Towne', 'Nulla animi tempore cum laudantium id. Distinctio exercitationem quae id mollitia. Voluptatum architecto est non quod sed magni nostrum. Eos illum dolorum molestiae consequatur pariatur id accusamus.', 1, 20, '2019-09-18 08:05:53', '2019-09-18 08:05:53'),
(17, 'Dr. Alice Ziemann I', 'Alias iure vel dolore earum. Aut pariatur aliquid voluptas nihil. Ullam est fuga quis eius et minima dolor vel. Aspernatur molestiae dolores qui porro quam ea.', 1, 39, '2019-09-18 08:05:53', '2019-09-18 08:05:53'),
(18, 'Maddison Mueller', 'Et reprehenderit architecto natus quis sequi qui. Quibusdam eveniet qui suscipit dolorem consequuntur. Consectetur fugit quia non dolor voluptatem possimus. Culpa autem nihil deleniti aut est qui earum.', 1, 41, '2019-09-18 08:05:53', '2019-09-18 08:05:53'),
(19, 'Raina Gleason', 'Aut et et cum sunt optio. Et a voluptatem aliquam. Optio aliquid temporibus quod et minus. Impedit quis soluta ut iste aut.', 3, 28, '2019-09-18 08:05:53', '2019-09-18 08:05:53'),
(20, 'Alisha Torphy', 'Possimus itaque sequi vero vel illum magni. Iure perspiciatis enim qui sint. Dolor aperiam molestiae sint optio iste.', 2, 47, '2019-09-18 08:05:53', '2019-09-18 08:05:53'),
(21, 'Alden Lowe', 'Porro consequuntur eum quam totam. Aut eos harum et dolores ipsa error. Nulla aut sunt aut et similique expedita.', 1, 41, '2019-09-18 08:05:53', '2019-09-18 08:05:53'),
(22, 'Amy Leuschke', 'Quo explicabo illo sunt veniam. Voluptatem quisquam eligendi vitae deleniti unde id aut. Illum at amet vel est et rem iusto magnam.', 3, 16, '2019-09-18 08:05:53', '2019-09-18 08:05:53'),
(23, 'Miss Marcia Boehm DVM', 'Ratione voluptas accusamus qui. Quasi incidunt ut quia velit. Dolorem dolorum nam delectus.', 3, 43, '2019-09-18 08:05:53', '2019-09-18 08:05:53'),
(24, 'Katheryn Runte', 'A facere eos non perspiciatis vel. Consectetur odio quia ut reprehenderit fugit nobis.', 5, 33, '2019-09-18 08:05:53', '2019-09-18 08:05:53'),
(25, 'Miss Karianne Weber I', 'Tenetur nihil praesentium deserunt et voluptates repellendus suscipit. Doloremque laudantium saepe qui ut. Eos voluptatibus ut sit sed rerum. Laboriosam ut aut voluptas cum cum.', 2, 1, '2019-09-18 08:05:53', '2019-09-18 08:05:53'),
(26, 'Susanna Green', 'Nam quis vel eum repellendus ipsam quam. Minus dolorum dolores quia et quas amet quas. Sapiente est facilis ipsam ut vel sit magnam.', 2, 21, '2019-09-18 08:05:53', '2019-09-18 08:05:53'),
(27, 'Dr. Demarco Waelchi', 'Error earum possimus veritatis occaecati molestias qui vero voluptas. Sint quis magnam voluptas perspiciatis. Ut beatae voluptatibus in deleniti mollitia. Rerum sint sequi deleniti est minima. Debitis labore in ratione excepturi illo dolorum eum.', 2, 14, '2019-09-18 08:05:53', '2019-09-18 08:05:53'),
(28, 'Fausto Ledner', 'Quia in mollitia itaque quae non molestias. Consequatur veniam asperiores deserunt aut. Voluptas ullam eligendi et qui dolores et inventore.', 5, 37, '2019-09-18 08:05:53', '2019-09-18 08:05:53'),
(29, 'Sabina Mayert', 'Amet doloribus dolorem praesentium animi quis at sit odio. Quaerat nostrum incidunt nostrum aut labore sapiente. Inventore porro et quos labore fuga dolorem voluptate. Voluptatem quos sequi consequatur quae molestiae nihil.', 2, 32, '2019-09-18 08:05:53', '2019-09-18 08:05:53'),
(30, 'Mr. Florian Ratke Jr.', 'Quibusdam assumenda nisi sit exercitationem. Voluptate non itaque est voluptas soluta blanditiis. Perferendis recusandae est illo. Laudantium reiciendis est non sequi veniam possimus iure.', 3, 9, '2019-09-18 08:05:53', '2019-09-18 08:05:53'),
(31, 'Mrs. Adelia Cronin', 'Ut consequatur quia omnis sit. Provident unde voluptatum velit. Dolorum optio vero possimus eaque.', 2, 4, '2019-09-18 08:05:53', '2019-09-18 08:05:53'),
(32, 'Mrs. Aubrey Wilkinson MD', 'Sunt odit praesentium quam incidunt. In quia explicabo modi est pariatur. Et labore rerum deserunt at cumque quod. Qui animi cumque facere ut quas.', 1, 34, '2019-09-18 08:05:53', '2019-09-18 08:05:53'),
(33, 'Dr. Lucious Erdman', 'Distinctio est nihil non. Expedita quod est veniam dolorem iure delectus aut. Sapiente recusandae veritatis minus enim et veniam.', 0, 1, '2019-09-18 08:05:53', '2019-09-18 08:05:53'),
(34, 'Jacquelyn Hermiston', 'Natus iusto aperiam quidem autem impedit laboriosam. Autem autem qui neque soluta. Debitis excepturi ut nobis autem.', 0, 33, '2019-09-18 08:05:53', '2019-09-18 08:05:53'),
(35, 'Orville Kuhlman', 'Cum qui quia id. Delectus earum in mollitia mollitia voluptas mollitia nisi. Ipsa sint fugit quo accusamus et id quisquam at. Tenetur est dignissimos aut quia.', 5, 11, '2019-09-18 08:05:53', '2019-09-18 08:05:53'),
(36, 'Yvonne Hoppe', 'Qui et voluptate deserunt consequatur quia corrupti aperiam. Molestiae quia unde cum aut. Tempore similique animi enim ea repudiandae accusantium minima vel. Nulla sit quo minus quia necessitatibus aliquam impedit laudantium.', 0, 38, '2019-09-18 08:05:53', '2019-09-18 08:05:53'),
(37, 'Vinnie Wehner III', 'Vitae adipisci aut consequatur perferendis doloremque eos. Dolore et fugit optio. Cupiditate odit voluptatem quasi laboriosam officia accusamus repellat.', 5, 27, '2019-09-18 08:05:53', '2019-09-18 08:05:53'),
(38, 'Clark Kozey', 'Ad autem non dolorem fugit. Quos suscipit quod omnis ex nobis dolorem itaque perspiciatis. Quam inventore incidunt architecto et dolores officiis. Quia sed dolor voluptate ex.', 3, 38, '2019-09-18 08:05:53', '2019-09-18 08:05:53'),
(39, 'Annette Bednar', 'Vitae dignissimos rerum quis ipsum est pariatur ut. Ipsa voluptates quia dicta doloremque sit odit. Qui aut quis rem aut.', 5, 13, '2019-09-18 08:05:53', '2019-09-18 08:05:53'),
(40, 'Geo Daniel', 'Officia qui quia sit quisquam blanditiis aut id. Itaque accusantium facilis dolorem voluptatem in reprehenderit similique. Molestias perferendis quis consequatur tenetur odit molestiae.', 0, 8, '2019-09-18 08:05:53', '2019-09-18 08:05:53'),
(41, 'Pansy Rogahn', 'Nihil natus consequuntur doloremque. Sit et consequatur quaerat dignissimos odit dolores neque. Corrupti vel ea eius id. Minus qui debitis qui nihil enim occaecati vel.', 2, 8, '2019-09-18 08:05:54', '2019-09-18 08:05:54'),
(42, 'Trevion Cronin', 'Sed eum qui neque. Qui qui et aut ad qui esse consequatur et. Rerum provident autem ut numquam sunt quas. Dicta quia quas id blanditiis quis. Reprehenderit in dolorem beatae voluptate aliquid quia unde.', 0, 3, '2019-09-18 08:05:54', '2019-09-18 08:05:54'),
(43, 'Hildegard Skiles', 'Perspiciatis eum voluptatem nihil doloribus. Est aut delectus quam consequatur necessitatibus dolores rerum. Earum qui blanditiis beatae ipsum voluptas odit.', 4, 4, '2019-09-18 08:05:54', '2019-09-18 08:05:54'),
(44, 'Waldo Altenwerth', 'Non velit cumque molestiae at. Deleniti repellat debitis quisquam quo doloremque esse cumque. Commodi quasi commodi velit ea voluptas quod. Velit tenetur rerum sunt ut.', 1, 50, '2019-09-18 08:05:54', '2019-09-18 08:05:54'),
(45, 'Josh Kovacek', 'Eum deserunt a ut dolor vero. Fugit amet repellendus dicta nulla consequuntur reprehenderit aut. Incidunt vel adipisci repudiandae necessitatibus.', 4, 42, '2019-09-18 08:05:54', '2019-09-18 08:05:54'),
(46, 'Duncan Marquardt', 'Tempore et aut omnis eveniet perspiciatis nisi sunt non. Esse est reprehenderit autem aut quidem autem nobis. Enim quidem in adipisci. Qui dolore ullam nulla eaque.', 1, 30, '2019-09-18 08:05:54', '2019-09-18 08:05:54'),
(47, 'Alisha Will', 'Qui libero exercitationem dolores qui officiis sint officia. Ad omnis eum optio ea accusamus deleniti. Quisquam doloribus sed doloribus rem odio voluptas. Qui quibusdam nemo et beatae impedit dicta.', 0, 12, '2019-09-18 08:05:54', '2019-09-18 08:05:54'),
(48, 'Prof. Troy Strosin', 'Inventore voluptatem cupiditate cupiditate eveniet. Enim vel facilis molestiae blanditiis voluptatem. Consectetur ullam perspiciatis sunt perspiciatis voluptas enim commodi. Amet inventore esse consequuntur voluptatem aut.', 0, 19, '2019-09-18 08:05:54', '2019-09-18 08:05:54'),
(49, 'Rodrigo Morissette', 'Consequuntur omnis non aut distinctio qui unde. Quas et voluptatum aperiam iste. Et ratione aut sed aut commodi repellat. Atque rerum eum explicabo.', 5, 49, '2019-09-18 08:05:54', '2019-09-18 08:05:54'),
(50, 'Samir Rogahn', 'Et in sint reiciendis dicta expedita. Voluptas doloribus aut qui dolor. Unde est et illo sint perferendis dolorum doloremque. Velit nihil aut occaecati tenetur sequi.', 5, 40, '2019-09-18 08:05:54', '2019-09-18 08:05:54'),
(51, 'Florida Rosenbaum', 'Soluta voluptatem ullam nisi quidem libero. Architecto sed qui praesentium nesciunt accusamus voluptas doloremque. Laborum et doloremque voluptates ut.', 0, 20, '2019-09-18 08:05:54', '2019-09-18 08:05:54'),
(52, 'Claudie Powlowski', 'Voluptatem dignissimos quia laudantium accusamus cupiditate. Ut et quo excepturi aspernatur. Hic voluptatum et numquam nulla.', 1, 30, '2019-09-18 08:05:54', '2019-09-18 08:05:54'),
(53, 'Branson Feest', 'Totam quia in est facilis sed totam dolor. Velit et distinctio voluptatem aliquid sit. In ipsum ex cumque velit in. Est qui non sint eaque.', 1, 4, '2019-09-18 08:05:54', '2019-09-18 08:05:54'),
(54, 'Eve Krajcik', 'Ratione saepe quos dolor quibusdam et. Quis dolore harum dicta non qui corporis ipsa occaecati. Vero nostrum quis placeat rerum molestiae sed vero. Rerum illo error beatae aliquam repellat.', 2, 37, '2019-09-18 08:05:54', '2019-09-18 08:05:54'),
(55, 'Dr. Antonette Gutmann', 'Ipsum quo repellendus eum quisquam possimus ullam ut. Voluptas velit eum adipisci natus exercitationem optio hic. Nostrum id sed perferendis non dignissimos ut. Sit maiores quisquam non reprehenderit repellat qui est dolor.', 2, 30, '2019-09-18 08:05:54', '2019-09-18 08:05:54'),
(56, 'Else Gorczany', 'Modi est non explicabo vel aut omnis itaque rerum. Voluptatem qui dolore ut. Aliquam in et quod aut quo impedit.', 2, 45, '2019-09-18 08:05:54', '2019-09-18 08:05:54'),
(57, 'Mr. Rasheed Williamson MD', 'Reiciendis unde ut occaecati qui. Inventore quo ipsum veniam velit. Ab eos et non id in. Quo eos quae dolor harum quis molestiae.', 0, 13, '2019-09-18 08:05:54', '2019-09-18 08:05:54'),
(58, 'Cecile Pouros', 'Eos excepturi eveniet praesentium repellat iusto. Eius facilis quaerat odio. Quidem nobis dolorem sequi neque ut deleniti. Dolores sint quisquam veritatis reiciendis.', 4, 23, '2019-09-18 08:05:54', '2019-09-18 08:05:54'),
(59, 'Janelle Conroy', 'Rerum modi sed et laborum quo. Rerum sint placeat est cumque. Eum rem delectus est voluptatum impedit exercitationem. Sequi et et rerum aut accusantium ipsum est.', 4, 20, '2019-09-18 08:05:54', '2019-09-18 08:05:54'),
(60, 'Prof. Randy Heathcote III', 'Quia dolor qui similique cupiditate expedita ipsam earum. Omnis praesentium et ipsum molestiae reiciendis omnis. Consequuntur eaque unde odio minima necessitatibus.', 2, 47, '2019-09-18 08:05:54', '2019-09-18 08:05:54'),
(61, 'Geoffrey Breitenberg V', 'Culpa similique reprehenderit omnis aliquid adipisci. Voluptates quisquam dignissimos sed tempore explicabo et corrupti ea. Odit tempore mollitia tempore ut qui aperiam aut. Asperiores culpa perspiciatis expedita quia.', 5, 34, '2019-09-18 08:05:54', '2019-09-18 08:05:54'),
(62, 'Dr. Oral Langosh DVM', 'Cupiditate id reiciendis non deleniti. Unde iusto et aut. Eius sint et dolorem nulla. Illum excepturi occaecati quia est ad.', 4, 33, '2019-09-18 08:05:54', '2019-09-18 08:05:54'),
(63, 'Jedidiah Schamberger', 'Perspiciatis unde sint ea sint nihil. Corporis quo dolor eos atque qui. Accusamus consectetur enim soluta. Corporis veritatis exercitationem asperiores nostrum repellendus.', 2, 36, '2019-09-18 08:05:54', '2019-09-18 08:05:54'),
(64, 'Mrs. Tina Carter', 'Et ut et voluptatem laudantium in. Ab architecto nemo sit odit. Ex dignissimos autem possimus voluptatem nihil possimus.', 3, 42, '2019-09-18 08:05:54', '2019-09-18 08:05:54'),
(65, 'Mr. Alessandro Ernser', 'Quis sint illo dicta in nihil beatae asperiores. Iure iusto ipsa quis explicabo sequi architecto. Excepturi quo corrupti et ipsum autem.', 4, 7, '2019-09-18 08:05:54', '2019-09-18 08:05:54'),
(66, 'Carlie Harris', 'Maxime magni ut veniam autem quaerat ullam cum. Explicabo accusamus laboriosam officiis quisquam omnis qui reiciendis. Ab inventore perspiciatis recusandae.', 1, 36, '2019-09-18 08:05:54', '2019-09-18 08:05:54'),
(67, 'Izabella Nikolaus', 'Architecto eligendi consequatur accusamus sequi natus corporis. Quisquam mollitia accusantium beatae nemo. Molestiae voluptate sit voluptate repellat deleniti voluptas in. Qui dolores similique pariatur maiores.', 0, 34, '2019-09-18 08:05:54', '2019-09-18 08:05:54'),
(68, 'Dr. Maybelle Bins', 'Tenetur modi quia alias corrupti voluptatem magni doloremque. Aut dolores deleniti dolor facilis.', 4, 8, '2019-09-18 08:05:54', '2019-09-18 08:05:54'),
(69, 'Dr. Stephanie Hessel DDS', 'Possimus sit adipisci modi eum unde. Itaque doloribus quasi exercitationem ut corrupti itaque. Aut voluptatem provident beatae sed nihil et consectetur aliquam.', 1, 26, '2019-09-18 08:05:54', '2019-09-18 08:05:54'),
(70, 'Tyree Turcotte', 'Delectus aspernatur ab ratione quibusdam praesentium eos. Iure odit vel et recusandae fuga quam. Reiciendis aut fuga recusandae rerum praesentium in occaecati.', 4, 36, '2019-09-18 08:05:54', '2019-09-18 08:05:54'),
(71, 'Sylvia Turner', 'Quae ut itaque pariatur eos modi. Qui voluptatem ut et repellendus nostrum et debitis eius. Exercitationem officiis nisi fugiat et omnis. Voluptatem aut sint nisi est autem.', 0, 45, '2019-09-18 08:05:54', '2019-09-18 08:05:54'),
(72, 'Ines Feeney', 'Quia qui perspiciatis doloremque harum rerum. Et voluptatem maiores iure totam ipsam pariatur nihil. Hic dolore iure nesciunt nisi veniam harum dicta.', 4, 27, '2019-09-18 08:05:54', '2019-09-18 08:05:54'),
(73, 'Karine Welch', 'Molestias non officia est nisi ipsa eos inventore. Architecto quod sint ex est est nisi. Est aut officia eveniet aut.', 5, 14, '2019-09-18 08:05:54', '2019-09-18 08:05:54'),
(74, 'Shawna Jast', 'Mollitia et voluptatem excepturi qui. Nihil dolor corporis quia ab laboriosam natus.', 4, 4, '2019-09-18 08:05:54', '2019-09-18 08:05:54'),
(75, 'Jarret Abbott', 'A rem aperiam sed dolores dolore vel eum sunt. Impedit veritatis laboriosam voluptas numquam voluptatem. Minus et provident quaerat nam illum animi vitae.', 0, 48, '2019-09-18 08:05:54', '2019-09-18 08:05:54'),
(76, 'Nicholas Altenwerth MD', 'Et voluptas quo cum libero dolorem quis. Fugit doloribus veniam consequuntur rerum dolor nobis.', 3, 19, '2019-09-18 08:05:54', '2019-09-18 08:05:54'),
(77, 'Brianne Smitham', 'Repellat eum nemo voluptatem quas sequi animi. Sint officia magni veniam et.', 5, 22, '2019-09-18 08:05:54', '2019-09-18 08:05:54'),
(78, 'Mrs. Kasey Adams', 'Voluptatum voluptates excepturi dicta quos fuga. Vero dolorem nam amet delectus architecto. Eius molestiae quam velit exercitationem dolorem mollitia dicta.', 2, 11, '2019-09-18 08:05:54', '2019-09-18 08:05:54'),
(79, 'Dr. Wilma Gulgowski', 'Libero incidunt enim optio et architecto. Quaerat vero amet illum qui et aliquid sed molestiae. Ut omnis eveniet fugit.', 1, 42, '2019-09-18 08:05:54', '2019-09-18 08:05:54'),
(80, 'Desiree Hoeger', 'Non omnis voluptas animi occaecati quod. Rerum dolor recusandae quibusdam voluptas illo. Praesentium sed eum aperiam fugit.', 1, 28, '2019-09-18 08:05:54', '2019-09-18 08:05:54'),
(81, 'Mr. Jennings Goyette PhD', 'Sapiente laudantium rerum voluptatem voluptate vitae tempora deserunt. Repudiandae animi maxime magnam placeat. Provident voluptatum nihil quasi perspiciatis. Dolorem incidunt quo quo porro sapiente.', 1, 29, '2019-09-18 08:05:54', '2019-09-18 08:05:54'),
(82, 'Hermina Spencer', 'Non ullam aut atque molestiae nesciunt. Et hic possimus sed ut minus. Vel eos voluptas quod minima omnis blanditiis.', 4, 12, '2019-09-18 08:05:55', '2019-09-18 08:05:55'),
(83, 'Marcellus Zemlak', 'Sint et quam molestiae placeat deleniti quam. Ullam accusamus dolorem distinctio beatae et non et eos. Rerum aut voluptas voluptatibus accusantium aut. Vel a modi voluptatem sequi.', 0, 13, '2019-09-18 08:05:55', '2019-09-18 08:05:55'),
(84, 'Tiara Reinger', 'Error illo veniam sit dolor sint impedit voluptas. Deleniti magnam quam adipisci tempore cumque non. Quae necessitatibus voluptatum dolore ad.', 1, 26, '2019-09-18 08:05:55', '2019-09-18 08:05:55'),
(85, 'Jody Graham', 'Dolorem veritatis aut qui ut adipisci et. Rerum ipsa eaque temporibus voluptatem iusto cumque sunt. Repudiandae ea odit maiores non asperiores at exercitationem voluptas. Voluptatem modi omnis eveniet inventore.', 2, 33, '2019-09-18 08:05:55', '2019-09-18 08:05:55'),
(86, 'Miss Krystel McKenzie', 'Et delectus ipsa quam non. Voluptates non omnis ut rerum accusamus. Modi quisquam sit sapiente placeat quisquam quisquam qui distinctio.', 0, 3, '2019-09-18 08:05:55', '2019-09-18 08:05:55'),
(87, 'Theresa Homenick', 'Porro debitis eveniet explicabo rerum dolores est blanditiis. Est quisquam vel vitae. Velit sint et et ut velit accusantium doloribus. Nihil dolorum nesciunt quisquam pariatur.', 0, 14, '2019-09-18 08:05:55', '2019-09-18 08:05:55'),
(88, 'Mr. Gabe Johnston V', 'Iste autem recusandae natus esse occaecati laborum. Sint amet aut in sunt reprehenderit accusantium qui. Consequatur cum enim dolore commodi laboriosam quo voluptatem. Aspernatur fugiat quam tempore dignissimos fugit repellat aut. Vero nihil quas neque perspiciatis.', 5, 22, '2019-09-18 08:05:55', '2019-09-18 08:05:55'),
(89, 'Mr. Jamey Quitzon', 'Doloremque sint saepe deleniti enim nesciunt repellat reprehenderit sed. Hic similique perspiciatis iste assumenda totam atque ut voluptatem. Blanditiis et deleniti est aliquid suscipit est ea numquam. Vitae excepturi incidunt qui quas optio qui.', 5, 35, '2019-09-18 08:05:55', '2019-09-18 08:05:55'),
(90, 'Ricardo Goyette', 'Amet omnis earum beatae voluptatibus ut sit. Asperiores et saepe ipsum perferendis reiciendis autem qui.', 5, 17, '2019-09-18 08:05:55', '2019-09-18 08:05:55'),
(91, 'Lawson Herzog', 'Unde quia alias rem alias rem est cumque. Nemo et fugiat eos exercitationem tenetur tempore occaecati. Non similique iste voluptatem labore laborum ea.', 4, 9, '2019-09-18 08:05:55', '2019-09-18 08:05:55'),
(92, 'Miss Ciara Murphy I', 'Cupiditate consectetur expedita mollitia voluptate nulla beatae praesentium. Repellendus dignissimos dolore error laudantium. Facilis dolores facere velit molestias.', 1, 14, '2019-09-18 08:05:55', '2019-09-18 08:05:55'),
(93, 'Darrin Mills', 'Expedita consequatur impedit debitis aperiam ipsam. Illo qui qui magni rerum eius voluptatum. Nam nihil quia dolores beatae suscipit.', 2, 3, '2019-09-18 08:05:55', '2019-09-18 08:05:55'),
(94, 'Miss Camila Hirthe DVM', 'Ipsam unde aut dolores minima alias vel quasi. Error qui vel incidunt est enim sint voluptatem id. Cupiditate unde sit culpa.', 3, 47, '2019-09-18 08:05:55', '2019-09-18 08:05:55'),
(95, 'Paolo Tillman', 'Illum id enim commodi dolor occaecati. Omnis omnis qui in inventore voluptatem reiciendis saepe. Et sint et eum veniam sit accusantium eos.', 5, 39, '2019-09-18 08:05:55', '2019-09-18 08:05:55'),
(96, 'Shanie Howell', 'Quod sint omnis nisi quo velit. Exercitationem necessitatibus temporibus consequatur itaque eaque. Quos cum sapiente dolorem omnis. Dolores error dolorum consequatur optio qui quis natus.', 0, 43, '2019-09-18 08:05:55', '2019-09-18 08:05:55'),
(97, 'Cora Lehner', 'Necessitatibus id aut amet nemo quaerat consequatur. Dolor sit quos vero maiores. Ut ea enim facilis voluptates sit qui exercitationem. Voluptas dolor enim laborum et qui consequatur beatae.', 5, 32, '2019-09-18 08:05:55', '2019-09-18 08:05:55'),
(98, 'Esteban Keebler', 'Pariatur rerum consequuntur perferendis ea nisi asperiores. Qui quaerat aut minima aut. Corrupti neque velit repellendus facere tenetur.', 4, 7, '2019-09-18 08:05:55', '2019-09-18 08:05:55'),
(99, 'Agustina Goldner', 'Ea velit amet deleniti architecto porro veritatis molestiae. Ipsam consectetur eaque reiciendis sint placeat quia excepturi dolor. Quis aut ipsa repellendus nulla in alias. Et dolores nobis quos.', 1, 32, '2019-09-18 08:05:55', '2019-09-18 08:05:55'),
(100, 'Mrs. Rosalee Rau II', 'Sit laboriosam animi aut architecto provident quam libero. Non et odit accusantium amet eos. Ex et debitis consectetur.', 2, 39, '2019-09-18 08:05:55', '2019-09-18 08:05:55'),
(101, 'Mrs. Bernadine Zemlak', 'Eius in in et magni. Nihil blanditiis distinctio ab illo expedita est ex repudiandae.', 3, 43, '2019-09-18 08:05:55', '2019-09-18 08:05:55'),
(102, 'Claudine Goldner', 'Aspernatur consequatur voluptatum dolorum eveniet aut. Omnis maiores officia amet natus vitae esse aut. Iste rerum repudiandae fugiat eius alias vel autem magnam. Quae dicta est repellendus reiciendis veniam harum. Autem velit saepe rerum soluta magni molestiae.', 4, 28, '2019-09-18 08:05:55', '2019-09-18 08:05:55'),
(103, 'Prof. Katelyn Marvin PhD', 'Accusantium qui et eos repudiandae cupiditate. Provident quas vel corrupti animi sint ut. Tempore itaque non eum nobis autem.', 5, 50, '2019-09-18 08:05:55', '2019-09-18 08:05:55'),
(104, 'Sally Kuhlman', 'Debitis aliquam sapiente debitis dolor. Quisquam nesciunt deserunt accusantium molestiae. Occaecati sit et nemo odit deleniti impedit. Expedita qui error odio est ipsum dolores. Ullam sed impedit quia aliquam aut nihil.', 0, 45, '2019-09-18 08:05:55', '2019-09-18 08:05:55'),
(105, 'Brennan Smitham', 'Ratione doloremque totam exercitationem doloremque excepturi ut. Odit consectetur quo cumque sequi quo nisi reprehenderit dolorem.', 1, 31, '2019-09-18 08:05:55', '2019-09-18 08:05:55'),
(106, 'Mrs. Justina Witting V', 'Placeat sit sequi ut. Iure soluta dolores rerum earum quia porro id. Asperiores dolor nihil exercitationem quia. Mollitia alias veniam aliquam.', 0, 37, '2019-09-18 08:05:55', '2019-09-18 08:05:55'),
(107, 'Luciano Green', 'Non fugit et eos in voluptates. Praesentium esse vel modi iste. Tempora omnis sit animi placeat neque. Quia ullam iste asperiores omnis pariatur.', 0, 45, '2019-09-18 08:05:55', '2019-09-18 08:05:55'),
(108, 'Darren Hartmann', 'Voluptates maiores voluptatem ea impedit et voluptatem. Provident repellat suscipit dolorum ipsa quidem quo. Tempora laborum repudiandae voluptatibus placeat odit voluptate sint. Libero nobis ratione sed et laborum.', 5, 33, '2019-09-18 08:05:55', '2019-09-18 08:05:55'),
(109, 'Royal Metz', 'Doloremque magni non ratione placeat. Nihil atque neque aspernatur. Itaque occaecati voluptas sed non voluptas amet alias blanditiis.', 0, 19, '2019-09-18 08:05:56', '2019-09-18 08:05:56'),
(110, 'Jorge Reichel', 'Consequatur quidem voluptatum quia labore. Deserunt qui consequatur in id voluptate consequuntur itaque. Saepe fuga voluptates molestiae esse in voluptatem.', 5, 22, '2019-09-18 08:05:56', '2019-09-18 08:05:56'),
(111, 'Verla Wisozk', 'Est nam cumque quia. Aut corrupti omnis iure et fugiat. Esse aut deleniti eaque magni labore. Et expedita quam consectetur rem.', 2, 40, '2019-09-18 08:05:56', '2019-09-18 08:05:56'),
(112, 'Alford Champlin IV', 'Harum reprehenderit sunt qui aperiam. Labore exercitationem et quia enim atque mollitia eos. Dolorem at eum deserunt enim corrupti enim voluptate officia.', 1, 39, '2019-09-18 08:05:56', '2019-09-18 08:05:56'),
(113, 'Frederick Jast', 'Rerum pariatur at enim molestiae. Quia et sit eius consectetur. Aspernatur natus eius omnis iste repudiandae saepe et voluptatum.', 5, 16, '2019-09-18 08:05:56', '2019-09-18 08:05:56'),
(114, 'Carolyn Klocko', 'Eum occaecati corrupti mollitia libero doloribus recusandae. Et ea sit harum. Eius velit cumque odit. Quod placeat qui ut.', 1, 3, '2019-09-18 08:05:56', '2019-09-18 08:05:56'),
(115, 'Kacie Satterfield MD', 'Qui reprehenderit voluptas aut est voluptas commodi corrupti. Non optio voluptates quia necessitatibus. Voluptatem qui amet et magnam est. In illo voluptates magnam ullam.', 4, 45, '2019-09-18 08:05:56', '2019-09-18 08:05:56'),
(116, 'Amber Donnelly', 'Blanditiis et aliquam officia minima quam quia. Non modi voluptatem nihil et qui vero. Aliquid nihil aperiam omnis ut molestiae fuga illum. Quo nam repellendus non qui iste. Rerum nobis quidem ut.', 0, 7, '2019-09-18 08:05:56', '2019-09-18 08:05:56'),
(117, 'Prof. Alanis Turcotte III', 'Iure illum rerum doloremque. Quo ipsa asperiores quasi maiores deserunt quisquam ut. Quia sapiente accusamus qui ipsa molestiae.', 3, 2, '2019-09-18 08:05:56', '2019-09-18 08:05:56'),
(118, 'Lavina Oberbrunner V', 'Nostrum ullam id et doloremque. Magni aspernatur voluptatem beatae dolores. Consequatur aspernatur aliquam ea sint officiis. Eligendi repellendus facilis iste autem rerum.', 2, 38, '2019-09-18 08:05:56', '2019-09-18 08:05:56'),
(119, 'Melyssa Goodwin DDS', 'Voluptatem voluptates placeat neque iure qui aut. Harum dolorem dolorem consectetur neque et eius minus sed. Neque deserunt dolor necessitatibus ut aut esse et provident. Molestias molestiae consequatur eius quae.', 4, 25, '2019-09-18 08:05:56', '2019-09-18 08:05:56'),
(120, 'Madison Kohler', 'Expedita alias consequatur vel fugiat. Pariatur doloremque qui odio est. Asperiores explicabo exercitationem non inventore sunt quae est quis.', 3, 45, '2019-09-18 08:05:56', '2019-09-18 08:05:56'),
(121, 'Isabel Hodkiewicz', 'Et ullam commodi hic ut magni aut quo. Assumenda voluptatem nam nihil. In adipisci aliquam provident aut corporis ducimus. Neque alias rerum ipsam laboriosam quaerat sunt deserunt quo.', 4, 18, '2019-09-18 08:05:56', '2019-09-18 08:05:56'),
(122, 'Rico Borer', 'Cumque inventore ea explicabo. Rerum voluptate ullam est possimus voluptatem aut tenetur magni. Quas similique dolores veniam libero.', 2, 12, '2019-09-18 08:05:56', '2019-09-18 08:05:56'),
(123, 'Vivienne Schmeler', 'Perspiciatis eveniet nobis hic rerum quasi placeat quaerat. Excepturi nesciunt enim assumenda ut qui voluptatem quia. Dolores nulla qui sed accusantium odit amet. Odio sapiente facilis iste velit eaque. Velit cumque voluptatem est officia libero.', 3, 21, '2019-09-18 08:05:56', '2019-09-18 08:05:56'),
(124, 'Miss Lavinia Wilkinson', 'Dignissimos porro assumenda dolorem rerum a a. Aliquid sit aliquid incidunt et inventore corrupti itaque accusantium. Quia quo dolores modi deleniti ducimus dolorem sed. Quis non rerum et. Natus minima optio ea rem iure.', 3, 41, '2019-09-18 08:05:56', '2019-09-18 08:05:56'),
(125, 'Barney Turner I', 'Error non vel quia aliquam odit eaque consequatur. Velit facere autem et quo. Quo dolores et repellat. Praesentium itaque minus sed ut in voluptas.', 3, 19, '2019-09-18 08:05:56', '2019-09-18 08:05:56'),
(126, 'Dr. Ulices Gleason', 'Est porro dolores voluptatum fuga. Aut animi commodi quia in. Laboriosam nobis odit ratione atque voluptatem. Numquam occaecati veniam recusandae nulla. Aspernatur molestiae ipsa et.', 2, 7, '2019-09-18 08:05:56', '2019-09-18 08:05:56'),
(127, 'Erik Marks', 'Rem aut mollitia ut sunt. Fuga voluptatibus iste non ut quaerat et dolor. Culpa est molestiae non.', 2, 27, '2019-09-18 08:05:56', '2019-09-18 08:05:56'),
(128, 'Nigel Daniel', 'Et officiis amet rem sit nesciunt consequatur in. Nobis maxime modi eveniet sapiente dolores eaque et animi. Ut quibusdam voluptas quibusdam est totam natus.', 1, 38, '2019-09-18 08:05:56', '2019-09-18 08:05:56'),
(129, 'Gavin Gerlach', 'Necessitatibus voluptates quod laboriosam hic sit ipsam. Earum fuga nesciunt est id. Enim corporis ipsam molestias magni aspernatur.', 3, 21, '2019-09-18 08:05:56', '2019-09-18 08:05:56'),
(130, 'Prof. Pink Skiles III', 'Et doloremque id et aut quas nihil. Eum officiis nesciunt pariatur molestiae ipsa est et. Est assumenda dolor omnis ea aut magni.', 3, 13, '2019-09-18 08:05:56', '2019-09-18 08:05:56'),
(131, 'Brycen Christiansen', 'Tempora temporibus unde aut. Sit error quos dolor officia iure. Ipsa saepe assumenda odio magnam voluptas itaque aperiam.', 2, 26, '2019-09-18 08:05:56', '2019-09-18 08:05:56'),
(132, 'Shannon King III', 'Eum est nihil rerum minus quasi error. Veritatis id vel voluptatem rerum voluptas delectus exercitationem. Officia ipsam non maxime et sit deserunt. Perferendis velit magni nemo atque laboriosam accusantium quos quod. Consequuntur non et sit.', 3, 1, '2019-09-18 08:05:56', '2019-09-18 08:05:56'),
(133, 'Marlene Howell', 'Aspernatur et est non distinctio molestiae magnam. Suscipit est quibusdam quia modi nulla harum.', 3, 29, '2019-09-18 08:05:56', '2019-09-18 08:05:56'),
(134, 'Ms. Blanca McCullough', 'Magni et ipsum a iusto voluptas repellendus cupiditate. Molestias dolores blanditiis ut ducimus quidem. Tenetur quia magnam tempore a magni vitae. Delectus voluptatum qui et sint qui assumenda.', 1, 42, '2019-09-18 08:05:56', '2019-09-18 08:05:56'),
(135, 'Stephanie Spencer Jr.', 'Labore delectus delectus ut unde. Quasi quibusdam consequatur magnam incidunt. Optio laborum ea nisi quos.', 2, 25, '2019-09-18 08:05:56', '2019-09-18 08:05:56'),
(136, 'Dr. Thea Stanton I', 'Explicabo molestiae id quae voluptatem nesciunt autem. Architecto ratione dignissimos odit aperiam optio quod. Unde adipisci aut iste sunt deleniti iste.', 0, 26, '2019-09-18 08:05:56', '2019-09-18 08:05:56'),
(137, 'Katelynn Skiles', 'Et ut exercitationem non dolores delectus assumenda. Et fuga ipsum repellat laudantium est aut hic. Quia minima eum cum magni.', 5, 37, '2019-09-18 08:05:56', '2019-09-18 08:05:56'),
(138, 'Prof. Nathanial Pfannerstill PhD', 'Nemo aspernatur iste qui ratione reprehenderit quaerat aspernatur. Omnis autem assumenda voluptas tempore voluptatem. Qui autem et accusamus et.', 4, 17, '2019-09-18 08:05:56', '2019-09-18 08:05:56'),
(139, 'America Gerhold', 'Nemo quia autem et natus. Repellat perferendis aut impedit consequuntur. Consequuntur labore alias consequatur id repellendus qui. Explicabo voluptas qui et odio nisi aut.', 4, 5, '2019-09-18 08:05:56', '2019-09-18 08:05:56'),
(140, 'Pauline Stanton', 'Quis quibusdam et voluptatem praesentium. Libero odit voluptatum doloribus aliquid qui odit. Optio delectus delectus consequatur ipsa.', 0, 38, '2019-09-18 08:05:56', '2019-09-18 08:05:56'),
(141, 'Angela Ryan IV', 'Autem molestias iusto accusamus harum minus et deserunt cum. Quae ipsam tempore molestiae dolores. Ut cupiditate odit culpa. Optio sint inventore aliquam est quia repudiandae maxime maiores.', 0, 4, '2019-09-18 08:05:56', '2019-09-18 08:05:56'),
(142, 'Prof. Laurie Abshire DDS', 'Labore ab exercitationem omnis nam. Commodi quisquam qui culpa. Magni sed sint commodi saepe.', 2, 36, '2019-09-18 08:05:56', '2019-09-18 08:05:56'),
(143, 'Miss Francisca Hodkiewicz', 'Numquam deleniti minus commodi vitae veritatis iste veritatis omnis. Laudantium excepturi repellendus earum quo cupiditate officia voluptas. Officia praesentium et optio nam. Eaque qui ipsa sit est qui.', 1, 42, '2019-09-18 08:05:56', '2019-09-18 08:05:56'),
(144, 'Theron Cummings', 'Aut id soluta quia veniam nisi. Ad voluptatem omnis ut iure iusto nulla ratione et. Omnis voluptatum deleniti est voluptatem beatae voluptatem voluptas. Sint odit autem debitis reiciendis sint corporis. Omnis aut vitae officiis atque eveniet aut nesciunt.', 0, 32, '2019-09-18 08:05:56', '2019-09-18 08:05:56'),
(145, 'Grayce Dickens MD', 'Ab eum aut incidunt neque architecto mollitia sit. Laborum at quia eaque ut consequatur voluptatum. A sit nihil dicta repellendus. Ratione eum aut ut quae.', 5, 2, '2019-09-18 08:05:56', '2019-09-18 08:05:56'),
(146, 'Elinor Bailey', 'Et quasi consequatur laborum fuga. Dolorem quisquam quo voluptatem dolor in et. Quia amet assumenda cum debitis reiciendis nihil cupiditate. Saepe adipisci fugiat exercitationem omnis sit laborum.', 3, 28, '2019-09-18 08:05:56', '2019-09-18 08:05:56'),
(147, 'Dr. Seamus Fadel I', 'Nobis dolores voluptates id dicta. Qui tempore eos possimus autem error eligendi aspernatur. Non labore sit ut fugiat. Quae inventore sint perferendis consequuntur corrupti quisquam aut.', 2, 40, '2019-09-18 08:05:57', '2019-09-18 08:05:57'),
(148, 'Gardner Corkery', 'Sit eveniet odio a atque sequi qui sequi. Quia quod voluptatem soluta reiciendis enim aut. Alias laborum velit velit voluptates aspernatur. Rerum beatae quaerat quia quidem voluptatum sint.', 0, 3, '2019-09-18 08:05:57', '2019-09-18 08:05:57'),
(149, 'Prof. Rhett Larson', 'Rem eum ut reiciendis sit quidem praesentium. Ab perspiciatis quis dolores dolorem sint rerum. Dolores nesciunt sapiente aut asperiores sunt eos accusantium harum. Non id quos dolores quia.', 0, 4, '2019-09-18 08:05:57', '2019-09-18 08:05:57'),
(150, 'Dr. Eva Kunze II', 'Excepturi recusandae dolor dolor qui doloribus aut. Eos quaerat minima ex ut et. Reiciendis quibusdam reprehenderit et.', 1, 7, '2019-09-18 08:05:57', '2019-09-18 08:05:57'),
(151, 'Mallie Collins', 'Quo temporibus aut molestiae qui et. Quo numquam ut quis quaerat ut et at. Et qui qui architecto eos.', 2, 20, '2019-09-18 08:05:57', '2019-09-18 08:05:57'),
(152, 'Miss Eleanore Emmerich V', 'Ut aut eligendi ex non voluptate non cupiditate consequatur. Dolores perferendis ut ut.', 2, 46, '2019-09-18 08:05:57', '2019-09-18 08:05:57'),
(153, 'Mr. Cooper Roob', 'Cumque velit quis est qui delectus. Sit eligendi nisi ut consequatur qui. Rerum blanditiis corrupti blanditiis. Ad accusantium non sed.', 1, 39, '2019-09-18 08:05:57', '2019-09-18 08:05:57'),
(154, 'Jovan Lueilwitz', 'Velit culpa perferendis sit. Consequatur molestiae voluptatem voluptas delectus quibusdam. Id eum veniam vero veritatis est esse numquam. Omnis eius aut totam possimus voluptatem ut soluta. Hic ipsa provident porro.', 0, 28, '2019-09-18 08:05:57', '2019-09-18 08:05:57'),
(155, 'Lenna Ernser III', 'Eligendi quia iure non labore sed. Perferendis cum nihil nulla officia cumque quis officia fugiat. Nesciunt voluptas ex itaque quae nisi.', 0, 36, '2019-09-18 08:05:57', '2019-09-18 08:05:57'),
(156, 'Mr. Franz Beier PhD', 'Illum est laborum ducimus recusandae deserunt. Nemo libero et porro maxime. Praesentium incidunt vel perspiciatis rerum qui eos aut. Autem occaecati et iste temporibus ducimus laudantium consequatur est. Perspiciatis quia molestiae aut pariatur placeat cum eveniet.', 4, 16, '2019-09-18 08:05:57', '2019-09-18 08:05:57'),
(157, 'Roxane Torp Sr.', 'Assumenda at dolor facere debitis repellat ad. Ut eum ipsum dicta natus perferendis. Et iure fugit culpa excepturi iste.', 0, 11, '2019-09-18 08:05:57', '2019-09-18 08:05:57'),
(158, 'Justine Franecki', 'Minus enim quasi veniam nostrum. Dolor cupiditate est aut ex dicta. Repellendus reiciendis at ipsa hic consectetur eligendi laboriosam numquam. Qui ea officiis nihil quo cum dolorem.', 1, 16, '2019-09-18 08:05:57', '2019-09-18 08:05:57'),
(159, 'Gia Schaefer', 'Qui vitae nostrum molestias ipsam. Repellendus perferendis quasi in eveniet eius aut. Quia consequuntur voluptatibus harum molestiae et distinctio. Blanditiis sed dolor tempora est quod velit.', 3, 5, '2019-09-18 08:05:57', '2019-09-18 08:05:57'),
(160, 'Lempi Bogan', 'Recusandae unde non quis. Laboriosam deleniti laboriosam minus aut. Alias perspiciatis earum minus non dolor recusandae numquam.', 4, 40, '2019-09-18 08:05:57', '2019-09-18 08:05:57'),
(161, 'Prof. Kaleigh Sipes', 'Exercitationem odit nihil et nihil sequi et ut. Necessitatibus incidunt corporis aut distinctio assumenda. Dolorum error mollitia perspiciatis expedita fugit qui. Mollitia sunt laborum omnis repellendus incidunt error.', 0, 18, '2019-09-18 08:05:57', '2019-09-18 08:05:57'),
(162, 'Kiana Moore', 'Dolor laborum et nisi omnis reiciendis et aut. Quaerat tenetur animi consequatur dicta assumenda qui consequatur autem. Sit dolor eligendi est voluptas fugit at. Accusamus iste ut itaque dolorum et qui aut.', 0, 17, '2019-09-18 08:05:57', '2019-09-18 08:05:57'),
(163, 'Dr. Luz Boehm', 'Tenetur labore totam facilis fugiat doloremque sed reiciendis. Veritatis voluptate incidunt totam alias nesciunt hic dicta et. Quia occaecati qui totam veniam quia eos repellendus. Iste ab praesentium voluptatem officia cum eveniet eius.', 1, 48, '2019-09-18 08:05:57', '2019-09-18 08:05:57'),
(164, 'Ms. Destiney Mitchell', 'Voluptatum dicta quis ab nam laudantium accusamus. Eum veritatis aut sit est. Quibusdam consequatur quia placeat corrupti omnis. Iure sit quis quo.', 1, 6, '2019-09-18 08:05:57', '2019-09-18 08:05:57'),
(165, 'Brown Friesen', 'Autem dolor qui sunt laborum doloribus voluptatem. Nihil maxime numquam sed enim hic veniam. Ab eos aliquid vero necessitatibus.', 2, 4, '2019-09-18 08:05:57', '2019-09-18 08:05:57'),
(166, 'Prof. Zander Balistreri II', 'Voluptatibus fugit possimus ea culpa explicabo aut voluptatum. Odio sint nam consequatur nobis quibusdam repellat sit. Voluptas aut ad ducimus consequatur quibusdam dolores.', 3, 7, '2019-09-18 08:05:57', '2019-09-18 08:05:57'),
(167, 'Mario Fritsch', 'Saepe fugiat ea maiores. Omnis consequuntur expedita dignissimos molestias tempore. Dolorem harum in et ipsam.', 3, 8, '2019-09-18 08:05:57', '2019-09-18 08:05:57'),
(168, 'Meggie Bosco', 'Natus consequuntur distinctio excepturi sequi ut tempore aut adipisci. Sed qui est iste ab eum sapiente odit. Et ducimus aut velit pariatur. Sit id atque aut dolor.', 4, 5, '2019-09-18 08:05:57', '2019-09-18 08:05:57'),
(169, 'Daren Ratke', 'Voluptatem ea architecto beatae aperiam repudiandae velit qui. Et veritatis sit ex accusantium et labore. Eos minus sed voluptatem.', 4, 10, '2019-09-18 08:05:57', '2019-09-18 08:05:57'),
(170, 'Prof. Armando Green', 'Perspiciatis similique non necessitatibus est. Est non nesciunt cupiditate ut.', 4, 35, '2019-09-18 08:05:57', '2019-09-18 08:05:57'),
(171, 'Lennie Klein', 'Voluptas omnis corporis iusto iusto. Impedit sint quo dolorum amet. Accusamus et neque facilis voluptas laudantium autem.', 2, 13, '2019-09-18 08:05:57', '2019-09-18 08:05:57'),
(172, 'Eliezer Davis Sr.', 'Velit ipsum fugiat maxime sunt. Ut et velit minima saepe.', 0, 40, '2019-09-18 08:05:57', '2019-09-18 08:05:57'),
(173, 'Palma Roob', 'Quidem aspernatur dolores iusto. Praesentium cum earum vero autem. Enim alias minima quaerat eligendi adipisci vero.', 5, 39, '2019-09-18 08:05:57', '2019-09-18 08:05:57'),
(174, 'Jeffry Hill', 'Eveniet aspernatur consequatur doloribus ut debitis. Inventore id et dolorem dolor quae et. Similique ut assumenda unde eos omnis.', 0, 22, '2019-09-18 08:05:57', '2019-09-18 08:05:57'),
(175, 'Vesta McLaughlin', 'Deserunt enim veniam perspiciatis voluptatum possimus. Non ipsam illo quas rerum officiis eaque. Tenetur facilis animi fugiat numquam.', 1, 15, '2019-09-18 08:05:57', '2019-09-18 08:05:57'),
(176, 'Orin Blanda', 'Non ab dolor repellendus est impedit rem. Nostrum suscipit omnis ut iste quia sit laudantium. Animi sapiente aliquam aut qui ea doloremque repellendus. Facere sed reprehenderit nostrum iure.', 3, 6, '2019-09-18 08:05:57', '2019-09-18 08:05:57'),
(177, 'Dr. Florian Walter', 'Quo rerum vel quas labore perferendis occaecati minus. Doloremque molestias error temporibus rerum voluptatibus quidem pariatur temporibus. Qui est dicta ratione tempora incidunt quia consequatur. Vitae velit eligendi amet sint cumque nulla et. Est blanditiis aut repellendus eligendi expedita aspernatur praesentium.', 2, 15, '2019-09-18 08:05:57', '2019-09-18 08:05:57'),
(178, 'Green Schiller', 'Laudantium sed a dolor consequatur. Sequi qui nihil autem accusamus blanditiis. Reprehenderit vel quia quidem sed corrupti beatae blanditiis id. Voluptas et maxime quos consequatur optio soluta dolores.', 3, 25, '2019-09-18 08:05:57', '2019-09-18 08:05:57'),
(179, 'Ruben Connelly', 'Voluptatem consequuntur aut quos ea occaecati aliquid tempora ut. Vel illo libero enim sint. Dolorem accusamus soluta ut quasi animi.', 3, 27, '2019-09-18 08:05:57', '2019-09-18 08:05:57'),
(180, 'Ozella Bednar', 'Impedit odio neque qui blanditiis doloribus. Voluptatem recusandae voluptatem quisquam neque harum sed quaerat. Sit odit autem eum.', 1, 42, '2019-09-18 08:05:57', '2019-09-18 08:05:57'),
(181, 'Henderson Dietrich', 'Tempore libero dolorem veniam non sed error. Nihil fugiat enim eveniet quia vel deserunt modi impedit. Accusantium autem dicta accusamus qui. Repudiandae optio ut nihil quo maxime et est distinctio.', 0, 9, '2019-09-18 08:05:57', '2019-09-18 08:05:57'),
(182, 'Niko Ruecker', 'Blanditiis neque molestias dolore natus. Asperiores est rerum maiores. Consequatur et rerum dignissimos.', 4, 34, '2019-09-18 08:05:57', '2019-09-18 08:05:57'),
(183, 'Uriel Jacobs', 'Voluptates quas rem voluptatem cumque expedita laborum. Voluptate quo ut natus similique. Quia minima odit maxime qui. Beatae ea sint officiis rem.', 1, 20, '2019-09-18 08:05:57', '2019-09-18 08:05:57'),
(184, 'Tamia McLaughlin III', 'Dolores est eius nostrum enim eum asperiores dicta aliquid. Sit possimus ut sed. Nisi aut labore quaerat nihil qui ea qui.', 3, 15, '2019-09-18 08:05:57', '2019-09-18 08:05:57'),
(185, 'Miss Anahi Wunsch', 'Fuga officia sunt impedit reiciendis aperiam voluptatem tempora. Natus laboriosam sed nesciunt optio autem rerum sed. Quae voluptas reiciendis blanditiis reprehenderit impedit eum vel.', 5, 30, '2019-09-18 08:05:57', '2019-09-18 08:05:57'),
(186, 'Verdie Gleason', 'Aperiam dolorum non voluptatem quo asperiores. Rerum rem eos qui repudiandae facere incidunt eos. Aperiam quis aliquid qui. Aut sit et maxime velit sapiente veniam. Quo dolores amet ipsa soluta dolores laboriosam aut.', 0, 35, '2019-09-18 08:05:57', '2019-09-18 08:05:57'),
(187, 'Mr. Seamus Schaden DDS', 'Enim nemo in dicta quaerat quia. Aspernatur veniam et animi recusandae quo et delectus. Quidem occaecati voluptas natus aut qui laboriosam inventore aliquid.', 3, 9, '2019-09-18 08:05:58', '2019-09-18 08:05:58'),
(188, 'Janice Nolan', 'Autem repellat ut assumenda magni libero nihil aut. Quas quod a voluptates accusantium commodi et. Est atque consequatur eaque exercitationem aut est in. Quam sed et eos et illum tempora est praesentium.', 2, 6, '2019-09-18 08:05:58', '2019-09-18 08:05:58'),
(189, 'Cornelius Kilback III', 'Dolores et fuga aliquam. Est atque quia sunt. Non sed quia nobis officia iure neque voluptatem nihil.', 2, 17, '2019-09-18 08:05:58', '2019-09-18 08:05:58'),
(190, 'Olga Vandervort IV', 'Dolores similique ab quia laudantium reprehenderit tempore. Sed officiis incidunt nemo accusamus aliquam. Fugiat deserunt animi laborum minima qui aut.', 3, 29, '2019-09-18 08:05:58', '2019-09-18 08:05:58'),
(191, 'Joyce Hilpert', 'Ipsum alias eius qui ut neque impedit. Debitis a et iste numquam qui sed distinctio. Et non odio voluptatem excepturi.', 0, 7, '2019-09-18 08:05:58', '2019-09-18 08:05:58'),
(192, 'Haylee Jacobi', 'A doloribus accusamus ut architecto maxime quia. Deleniti est et in repellendus molestiae est excepturi iusto. Quaerat dolore velit et assumenda quibusdam.', 2, 31, '2019-09-18 08:05:58', '2019-09-18 08:05:58'),
(193, 'Prof. Elisabeth Bernier DVM', 'Omnis id consectetur nisi et itaque quam. Amet omnis numquam accusamus itaque. Aliquid accusamus dolores quia rerum ducimus numquam. Perspiciatis necessitatibus rerum culpa harum ipsam aut nostrum.', 1, 3, '2019-09-18 08:05:58', '2019-09-18 08:05:58'),
(194, 'Cooper Klocko', 'Nihil ipsam sed enim eos cum. Dolorem molestiae quod qui qui cumque aut alias. Ut porro culpa dolorem omnis.', 2, 48, '2019-09-18 08:05:58', '2019-09-18 08:05:58'),
(195, 'Agustin Hoppe V', 'Inventore velit vitae facilis quia temporibus corrupti voluptate. Labore autem dolor similique voluptas aut omnis voluptatem. Velit odio ut sunt fugit perferendis ut. Illo delectus ut porro maiores recusandae.', 1, 7, '2019-09-18 08:05:58', '2019-09-18 08:05:58'),
(196, 'Anika Tillman', 'Similique molestiae vero et perferendis sapiente magni. Omnis animi accusamus molestiae quidem. Voluptatem nesciunt minima culpa ratione ut.', 4, 39, '2019-09-18 08:05:58', '2019-09-18 08:05:58'),
(197, 'Dr. Hiram Bins', 'Eaque et et ducimus eveniet totam. Optio unde rerum adipisci quod aut quae. Odio culpa pariatur ipsum ipsa accusantium facilis.', 2, 41, '2019-09-18 08:05:58', '2019-09-18 08:05:58'),
(198, 'Adelia Effertz', 'Animi illo fuga repellat eveniet. Deserunt consequatur reprehenderit omnis facilis accusamus et vitae placeat. Nam earum ad tempore.', 4, 45, '2019-09-18 08:05:58', '2019-09-18 08:05:58'),
(199, 'Jordon Sanford', 'Quam et nobis est explicabo voluptatem. Asperiores eius dolorem velit voluptatibus quis rerum praesentium facilis. Cum et esse et ea vel repellat.', 0, 49, '2019-09-18 08:05:58', '2019-09-18 08:05:58'),
(200, 'Yoshiko Eichmann DDS', 'Praesentium neque magnam et ut rerum. Nulla sit natus nulla esse enim. Nam exercitationem ipsum vitae fugit ut et.', 0, 37, '2019-09-18 08:05:58', '2019-09-18 08:05:58'),
(201, 'Sister Goyette', 'Accusantium at doloremque repellat eum dolore. Architecto architecto autem consequatur et. Assumenda et et aut et quas eos corrupti natus.', 4, 12, '2019-09-18 08:05:58', '2019-09-18 08:05:58'),
(202, 'Jocelyn Hamill', 'Neque necessitatibus nulla facilis quia necessitatibus laudantium. Ducimus quis ratione impedit nam tenetur et.', 2, 8, '2019-09-18 08:05:58', '2019-09-18 08:05:58'),
(203, 'Tristin Gutkowski', 'Sed et necessitatibus magnam unde. Totam repellendus eveniet reiciendis deserunt libero.', 4, 37, '2019-09-18 08:05:58', '2019-09-18 08:05:58'),
(204, 'Gabriel Hermiston IV', 'Dolorem aut ut ea unde. Eum corrupti minus impedit quod. Dignissimos quo cum qui quis est.', 0, 12, '2019-09-18 08:05:58', '2019-09-18 08:05:58'),
(205, 'Stephen Terry', 'Consequatur eveniet nemo et incidunt. Quasi ut officia et aliquid vel repellat vitae. Excepturi corrupti consequatur et sed. Eos ut iste quo rerum.', 2, 46, '2019-09-18 08:05:58', '2019-09-18 08:05:58'),
(206, 'Elva Ryan I', 'Dignissimos ipsum et earum delectus molestias dignissimos deserunt et. Dolores non cumque sequi id. Unde tempore delectus consequatur ullam.', 0, 32, '2019-09-18 08:05:58', '2019-09-18 08:05:58'),
(207, 'Gabe Barrows', 'Ut rerum dicta impedit quia nihil reprehenderit laudantium fugiat. Et repellendus natus quo earum repellat assumenda magni. Aut deleniti animi ut neque aut. Sed perspiciatis est itaque et dolorem.', 0, 41, '2019-09-18 08:05:58', '2019-09-18 08:05:58'),
(208, 'Dr. Shakira Gerhold', 'Sunt dignissimos omnis sed ab reiciendis fuga delectus error. Voluptatem omnis nostrum consequatur quas est repudiandae. Provident ut omnis perferendis beatae error fuga.', 2, 30, '2019-09-18 08:05:58', '2019-09-18 08:05:58'),
(209, 'Waino Torp', 'Minima tempora quaerat quas. Eveniet sequi corrupti tenetur aut sed est blanditiis. Repellendus sit sed eum consequatur aspernatur ex. Dolore illo asperiores et voluptates repellat iusto magni.', 1, 39, '2019-09-18 08:05:58', '2019-09-18 08:05:58'),
(210, 'Jade Lakin', 'Nam laborum maxime omnis molestias. Excepturi voluptate adipisci commodi. Dolor et quos odit quia delectus repellendus.', 2, 48, '2019-09-18 08:05:58', '2019-09-18 08:05:58');
INSERT INTO `reviews` (`id`, `customer`, `review`, `star`, `product_id`, `created_at`, `updated_at`) VALUES
(211, 'Norma Kuvalis IV', 'Ut aliquam quo voluptatem voluptates quia consequatur vel. Neque quia nemo atque dolorem ipsum. Aut earum ullam ut accusamus dolorem quae porro. Suscipit debitis a ut voluptates ipsam repellat porro.', 5, 13, '2019-09-18 08:05:58', '2019-09-18 08:05:58'),
(212, 'Myrtice Schiller', 'Fuga ipsa minus excepturi quo debitis perferendis aliquid. Est quas fuga dolorum laboriosam quis. Aperiam iste est numquam aliquid qui quia. Velit aliquid dignissimos hic ad assumenda et et cum.', 4, 30, '2019-09-18 08:05:58', '2019-09-18 08:05:58'),
(213, 'Prof. Alivia Pollich III', 'Est sapiente incidunt cumque. Assumenda et cumque minima. Eos placeat omnis cumque ut quas. Eos repellendus tempore nostrum velit est ad non.', 4, 25, '2019-09-18 08:05:58', '2019-09-18 08:05:58'),
(214, 'Mr. Lonnie Gleichner I', 'Sunt eum velit repudiandae non. Qui quas nihil debitis quia quae et. Nam mollitia placeat voluptas quasi. Eum qui perspiciatis repudiandae quae facilis eaque quam.', 5, 41, '2019-09-18 08:05:58', '2019-09-18 08:05:58'),
(215, 'Prof. Natasha Ankunding II', 'Explicabo sed facilis et ut est enim. Dolor nemo est dolor in facilis. Quo et aut aut id eius dolore. Mollitia labore ut earum repellendus enim.', 5, 18, '2019-09-18 08:05:58', '2019-09-18 08:05:58'),
(216, 'Audreanne Reynolds V', 'Et accusantium maxime labore qui temporibus alias. Saepe modi illum quibusdam voluptatem harum praesentium. Voluptatum ullam culpa eligendi nemo praesentium. Et dicta libero vel et aliquid doloremque.', 2, 31, '2019-09-18 08:05:58', '2019-09-18 08:05:58'),
(217, 'Willa McKenzie', 'Commodi eum qui voluptatibus at quia et. Aspernatur quos officiis illo nisi optio aliquam. Et eaque est sed sunt.', 1, 2, '2019-09-18 08:05:58', '2019-09-18 08:05:58'),
(218, 'Alek Greenfelder', 'Enim nostrum ullam facere sed. Quis optio voluptas quod aut porro. Eaque et aliquam ducimus laborum rerum quis. Dolor commodi consequatur quis provident.', 1, 5, '2019-09-18 08:05:58', '2019-09-18 08:05:58'),
(219, 'Mrs. Vernie Braun', 'Ad et ipsa velit sapiente atque cupiditate. Reprehenderit at expedita et voluptas ab. Dolorem ipsam minus nostrum placeat culpa impedit sed. Sit ratione deserunt doloremque ducimus ad veritatis debitis voluptas.', 0, 27, '2019-09-18 08:05:58', '2019-09-18 08:05:58'),
(220, 'Jennie Gottlieb I', 'Rerum temporibus vitae tenetur omnis voluptate. Eum consequatur nesciunt ut debitis.', 4, 3, '2019-09-18 08:05:58', '2019-09-18 08:05:58'),
(221, 'Tavares Romaguera', 'Nostrum illum dolor non quo fugiat laboriosam. Iure esse sed non commodi. Dolor possimus eius numquam consequuntur et sunt eos.', 2, 39, '2019-09-18 08:05:58', '2019-09-18 08:05:58'),
(222, 'Willard Shanahan', 'Dolor illum aut nihil sapiente. In et qui tenetur qui. Dolorum beatae adipisci rerum eaque rerum corporis molestiae. Quia perferendis cupiditate iste voluptas rerum nihil illo.', 3, 13, '2019-09-18 08:05:58', '2019-09-18 08:05:58'),
(223, 'Melyssa Ratke', 'Aperiam distinctio repellat possimus doloremque. Mollitia excepturi sunt non aut ipsum fugit. Et inventore sapiente est laboriosam corporis voluptatem incidunt. Commodi soluta debitis in repellat harum consequatur.', 5, 25, '2019-09-18 08:05:58', '2019-09-18 08:05:58'),
(224, 'Britney Johnson', 'Qui neque autem quis qui et vel. Hic et dignissimos et aut iste asperiores minima nemo. Atque iste cupiditate consectetur porro ut. Adipisci suscipit est fugiat natus soluta dolorem. Odit mollitia eligendi aperiam vel consequatur aut commodi illum.', 3, 13, '2019-09-18 08:05:58', '2019-09-18 08:05:58'),
(225, 'Mr. Alvah Schroeder III', 'Deserunt quod sit quos maxime itaque perspiciatis ipsam corporis. Autem ratione mollitia earum blanditiis maiores maxime. Aut assumenda nemo incidunt quasi minima. Necessitatibus est ipsum omnis odit.', 0, 20, '2019-09-18 08:05:58', '2019-09-18 08:05:58'),
(226, 'Mrs. Sydnie Mueller MD', 'Adipisci adipisci eum eveniet voluptates nihil. Tempora tempore ut libero aut et. Nisi odit maiores nam dolores id aliquid et. Eum distinctio magnam fugiat voluptatem. Molestiae impedit dolores saepe non odit impedit debitis.', 4, 42, '2019-09-18 08:05:58', '2019-09-18 08:05:58'),
(227, 'Kennedy Quitzon', 'Aut voluptas minima sunt soluta vero. Ut et autem sequi non aut et consectetur ipsum. Tempora sit ut maiores optio ullam occaecati corporis.', 3, 35, '2019-09-18 08:05:58', '2019-09-18 08:05:58'),
(228, 'Mr. Hayley Nicolas DDS', 'Enim unde voluptatem nostrum. Possimus expedita dolorem aspernatur. Rem aliquam assumenda rem nostrum qui. Voluptatem est dolores sed sunt accusamus eaque enim.', 4, 4, '2019-09-18 08:05:58', '2019-09-18 08:05:58'),
(229, 'Prof. Mozell Stamm', 'Aut sunt iusto quaerat assumenda quam incidunt non aliquam. Quaerat et ratione et neque. Fugiat repudiandae ullam excepturi quia quo.', 2, 15, '2019-09-18 08:05:58', '2019-09-18 08:05:58'),
(230, 'Beverly Muller', 'Aspernatur tenetur harum reprehenderit accusamus ex non. Excepturi itaque vel quia voluptas et. Eaque qui minima qui quisquam dolores corporis a.', 3, 3, '2019-09-18 08:05:59', '2019-09-18 08:05:59'),
(231, 'Prof. Cody McDermott I', 'Ut temporibus sunt eos quas corrupti vitae. Ratione placeat illum et. In optio quam libero velit tempore.', 1, 21, '2019-09-18 08:05:59', '2019-09-18 08:05:59'),
(232, 'Kenny Will', 'Voluptates dolore repellat ea mollitia nesciunt voluptatem consequuntur. Sed porro odit eligendi dicta. Omnis unde facilis nobis necessitatibus.', 4, 17, '2019-09-18 08:05:59', '2019-09-18 08:05:59'),
(233, 'Hassie Pagac', 'Accusantium odit ea qui fuga aut. Reprehenderit sapiente tempore iure et consequatur exercitationem voluptates. Doloremque nesciunt earum facilis beatae harum molestiae.', 4, 8, '2019-09-18 08:05:59', '2019-09-18 08:05:59'),
(234, 'Van Schuster', 'Velit iusto dolores eum neque aspernatur fuga mollitia. Vitae cumque cum voluptatem nam ipsa quia.', 3, 23, '2019-09-18 08:05:59', '2019-09-18 08:05:59'),
(235, 'Odie Runolfsson', 'Sed aliquid nobis non nihil. Aspernatur possimus distinctio sint. Esse at dolorum non deleniti accusantium.', 0, 9, '2019-09-18 08:05:59', '2019-09-18 08:05:59'),
(236, 'Morris Balistreri', 'Hic ea sint quae neque aut et iusto. Voluptate quis in qui facilis dolorum doloremque quia aperiam. Illum perspiciatis autem quia perferendis eveniet quasi.', 4, 25, '2019-09-18 08:05:59', '2019-09-18 08:05:59'),
(237, 'Tobin Dickens', 'Voluptatem nemo est praesentium voluptas corporis ducimus. Odit animi recusandae rerum iure minima nihil dolores. Nobis itaque reiciendis et ipsum beatae.', 3, 19, '2019-09-18 08:05:59', '2019-09-18 08:05:59'),
(238, 'Brant Cremin', 'Accusamus nemo consequatur dolores recusandae. Rem accusantium reprehenderit beatae quia amet necessitatibus vel. Aspernatur enim numquam itaque labore illum.', 5, 17, '2019-09-18 08:05:59', '2019-09-18 08:05:59'),
(239, 'Loma Littel', 'Dolorem laborum quas voluptatum ad pariatur quam. Autem saepe perferendis nisi ratione. Quis aliquam quaerat animi. Ipsum cumque tempora quas sed dicta. Vero quia et beatae veniam non aut.', 4, 3, '2019-09-18 08:05:59', '2019-09-18 08:05:59'),
(240, 'Aditya Dickinson', 'Ut voluptatum possimus harum itaque eaque non libero. Atque suscipit eos fugit nobis at. Suscipit et enim omnis delectus natus aut aliquid. Nihil tenetur provident aut sapiente qui dolor sit. Consectetur nulla aut temporibus omnis assumenda sapiente recusandae.', 4, 31, '2019-09-18 08:05:59', '2019-09-18 08:05:59'),
(241, 'Etha Witting', 'Harum odio quia veniam minima sit. Vero deleniti et voluptas dolorem recusandae. Omnis atque quo explicabo aut asperiores. Voluptatum hic aut et provident expedita voluptas.', 2, 18, '2019-09-18 08:05:59', '2019-09-18 08:05:59'),
(242, 'Tiara Conroy', 'Neque commodi iusto reprehenderit at ullam praesentium voluptatem. Ea voluptate minima eum. Omnis sunt esse delectus dolores fugit dolor.', 1, 16, '2019-09-18 08:05:59', '2019-09-18 08:05:59'),
(243, 'Miss Jena Nitzsche DDS', 'Quisquam consequatur excepturi dolorem mollitia voluptates et deserunt. Tempore placeat totam unde enim quos minus praesentium. Rem quia error vero suscipit commodi. Rerum suscipit excepturi et molestias quod laborum.', 1, 14, '2019-09-18 08:05:59', '2019-09-18 08:05:59'),
(244, 'Ms. Shirley Dach PhD', 'Illum eum ut porro distinctio excepturi aut. Nihil voluptatem et dolorem adipisci ut.', 5, 7, '2019-09-18 08:05:59', '2019-09-18 08:05:59'),
(245, 'Elissa Schowalter III', 'Dolores ut velit in veniam est corrupti incidunt. Iusto placeat ut quaerat libero inventore veritatis. Distinctio delectus et eos. Libero fugiat rerum similique minima accusamus aliquam natus.', 0, 5, '2019-09-18 08:05:59', '2019-09-18 08:05:59'),
(246, 'Prof. Janessa Pagac', 'Quis nam quis possimus. Aperiam id illo unde voluptatem harum. Ea veritatis occaecati officiis voluptatem.', 3, 22, '2019-09-18 08:05:59', '2019-09-18 08:05:59'),
(247, 'Karina Sporer', 'Unde voluptatem aut dolor expedita. Nostrum veritatis odio perspiciatis. Culpa necessitatibus molestiae libero molestias porro. Dolores autem totam fugiat quod.', 5, 13, '2019-09-18 08:05:59', '2019-09-18 08:05:59'),
(248, 'Watson Kuvalis', 'Quibusdam ducimus sint minima ab quisquam. Distinctio eum minus ullam autem maxime. Neque et ea reprehenderit. Error officia a corrupti.', 2, 7, '2019-09-18 08:05:59', '2019-09-18 08:05:59'),
(249, 'Mr. Brendon Romaguera', 'Ipsam qui ut similique qui. Eos itaque velit quidem veritatis. Expedita accusantium facere et qui quibusdam quae sunt. Accusantium suscipit sint voluptatem distinctio. Ad cupiditate laboriosam dolorem cupiditate aperiam maiores nulla.', 1, 3, '2019-09-18 08:05:59', '2019-09-18 08:05:59'),
(250, 'Jake Lakin', 'Sed dicta quis aliquid id non. Ullam nemo odio aut et amet. Et debitis dolor aliquam nostrum sed. Non impedit earum voluptatem adipisci facere.', 3, 28, '2019-09-18 08:05:59', '2019-09-18 08:05:59'),
(251, 'Ms. Shanelle Hartmann', 'Adipisci minima quo dolore tempore. Fugit consequuntur libero aut. Adipisci maxime sunt voluptas cumque.', 5, 21, '2019-09-18 08:05:59', '2019-09-18 08:05:59'),
(252, 'Celestino Mayer', 'Mollitia repellat nemo occaecati excepturi quas repudiandae itaque et. Ipsam tenetur voluptatibus doloribus repellendus et commodi. Eius voluptatem ab veniam voluptas enim. Quas reiciendis ullam sed ratione.', 3, 46, '2019-09-18 08:05:59', '2019-09-18 08:05:59'),
(253, 'Hank Ruecker', 'Occaecati beatae nemo voluptatum est tenetur. Et assumenda maiores sint voluptatum quia dolor rem. Veniam quam doloribus nihil. Quo atque voluptatem sint non vel recusandae.', 5, 6, '2019-09-18 08:05:59', '2019-09-18 08:05:59'),
(254, 'Jermaine Lynch', 'Omnis hic exercitationem aut. Consequatur qui quam consequatur magnam natus cumque tempore. Itaque aut repellendus assumenda dolores. Quia reprehenderit ducimus omnis dolorem libero voluptatum optio accusantium.', 0, 11, '2019-09-18 08:05:59', '2019-09-18 08:05:59'),
(255, 'Nels Block', 'Fuga totam autem dicta autem reprehenderit enim velit ea. Possimus mollitia ut fugit sed exercitationem. Magnam omnis quam libero reprehenderit.', 4, 14, '2019-09-18 08:05:59', '2019-09-18 08:05:59'),
(256, 'Jerald Zulauf V', 'Nostrum occaecati vero dolorem magni qui. Aut inventore odit iste exercitationem inventore voluptatibus voluptas quam. Eum voluptatem inventore reprehenderit molestias.', 5, 43, '2019-09-18 08:05:59', '2019-09-18 08:05:59'),
(257, 'Miss Breanna Herzog Sr.', 'Quisquam facere voluptatem tempore corporis accusamus. Deserunt doloremque reiciendis nobis fugiat id. Eaque ratione cum sit et nostrum molestiae numquam. Non non magnam eos sed beatae ipsum quia.', 5, 43, '2019-09-18 08:05:59', '2019-09-18 08:05:59'),
(258, 'Myrl Walsh', 'Quibusdam dolores cum nihil aut. Aperiam itaque omnis et pariatur eius. Odio iure vel placeat tempora. Corrupti aperiam quia optio beatae consequatur. Impedit totam ut voluptas et nisi qui modi nemo.', 4, 2, '2019-09-18 08:05:59', '2019-09-18 08:05:59'),
(259, 'Dustin Dietrich', 'Sed sunt eum eaque placeat quibusdam exercitationem eos. Itaque error incidunt maxime vel animi iste. At odit voluptate ex omnis. Et voluptate ut voluptatibus.', 5, 8, '2019-09-18 08:05:59', '2019-09-18 08:05:59'),
(260, 'Jeff Beahan', 'Nihil sed ex nobis officiis ducimus repudiandae commodi. Est aliquam omnis eaque esse.', 3, 45, '2019-09-18 08:05:59', '2019-09-18 08:05:59'),
(261, 'Tania Toy', 'Illum tenetur ut sed nihil sequi est necessitatibus. Mollitia porro asperiores repellendus aliquid. Magnam quis quibusdam autem et omnis modi. Mollitia dolores et maxime delectus vel laudantium.', 3, 5, '2019-09-18 08:05:59', '2019-09-18 08:05:59'),
(262, 'Dr. Brandon Turner Jr.', 'Doloribus numquam et hic consequatur minima cumque fugiat. Veritatis aliquid quod similique perferendis est dolor ratione et. In ea velit repellendus repudiandae distinctio eligendi voluptatem. Magnam eveniet expedita eos nesciunt dolorum rem numquam consequuntur.', 0, 20, '2019-09-18 08:05:59', '2019-09-18 08:05:59'),
(263, 'Randal Langworth', 'Eum provident qui ad perferendis. Debitis officia ratione praesentium ab nisi magnam quibusdam.', 3, 29, '2019-09-18 08:05:59', '2019-09-18 08:05:59'),
(264, 'Herta Bergstrom', 'Cupiditate dolores ab dignissimos suscipit id non dolores. Aliquid ipsum quo rem. Saepe et dolorem laborum quaerat sit omnis libero.', 0, 43, '2019-09-18 08:05:59', '2019-09-18 08:05:59'),
(265, 'Jo Yost', 'Eius sed soluta maiores officia quod a. Quaerat in voluptas veritatis aspernatur. Autem saepe labore illo repudiandae adipisci illum veniam.', 3, 29, '2019-09-18 08:05:59', '2019-09-18 08:05:59'),
(266, 'Hester Torp', 'Omnis consequuntur fugit tempore voluptatum aliquid fuga. Animi autem ipsum quia ullam laboriosam similique officia qui. Numquam tenetur nemo molestiae corrupti eaque sapiente.', 3, 15, '2019-09-18 08:06:00', '2019-09-18 08:06:00'),
(267, 'Dr. Janet Simonis', 'Quibusdam aut quasi molestias. Necessitatibus odit ut adipisci sapiente dolorem nemo inventore. Sequi aut omnis et et. Perferendis architecto officia placeat occaecati debitis. Sunt voluptas debitis rem corporis.', 2, 17, '2019-09-18 08:06:00', '2019-09-18 08:06:00'),
(268, 'Doyle Wiegand', 'Est ea velit nihil enim odio. Error earum fugit minus est excepturi. Quisquam sint corporis aut. Facilis accusantium similique aspernatur ipsum minima. Mollitia aut tempore et hic est dignissimos nihil.', 4, 2, '2019-09-18 08:06:00', '2019-09-18 08:06:00'),
(269, 'Noble Krajcik', 'Repellendus quae neque sapiente ullam. Et qui repellat id explicabo et earum. Numquam quod voluptate nulla nisi ipsam. Est voluptatum repudiandae dignissimos.', 3, 21, '2019-09-18 08:06:00', '2019-09-18 08:06:00'),
(270, 'Derek Klocko', 'Cumque ratione et explicabo enim qui. Quo impedit animi quaerat. Error veritatis unde quo fuga quia dolores cumque odio. Delectus at minima debitis beatae beatae.', 1, 28, '2019-09-18 08:06:00', '2019-09-18 08:06:00'),
(271, 'Mr. Sherman Monahan', 'Commodi quidem minus aut. Consequatur illo laudantium quas ullam qui quia et. Numquam necessitatibus incidunt inventore omnis ullam placeat vel. Nihil natus laboriosam eos consequatur vel eos.', 1, 15, '2019-09-18 08:06:00', '2019-09-18 08:06:00'),
(272, 'Syble Grant I', 'Architecto voluptas cupiditate sed. Error omnis atque dolorum magni aspernatur est. Fugit perferendis in nemo aut. Praesentium quis adipisci reprehenderit facere explicabo aut quis.', 5, 29, '2019-09-18 08:06:00', '2019-09-18 08:06:00'),
(273, 'Prof. Orrin Sauer I', 'Illo eveniet esse excepturi qui. Asperiores perspiciatis et est voluptatem voluptas nemo eaque. Quasi cumque ad et.', 4, 15, '2019-09-18 08:06:00', '2019-09-18 08:06:00'),
(274, 'Reyna Altenwerth', 'Nam cumque deleniti veritatis nihil eos id culpa dolore. Magni doloribus neque nihil sed vitae. Ut quidem aut sit aut. Est omnis dolor distinctio omnis. Vel est culpa accusantium amet.', 5, 7, '2019-09-18 08:06:00', '2019-09-18 08:06:00'),
(275, 'Dax Ziemann', 'Possimus nisi quo ipsam quod. Assumenda est modi harum sapiente qui sequi.', 4, 6, '2019-09-18 08:06:00', '2019-09-18 08:06:00'),
(276, 'Carleton Schroeder', 'Porro quidem labore quisquam corrupti distinctio voluptates fugiat accusantium. Tenetur illo aspernatur aut suscipit. Commodi quia unde est architecto enim. Iure consequatur facilis non debitis.', 0, 46, '2019-09-18 08:06:00', '2019-09-18 08:06:00'),
(277, 'Mr. Sammie Jast Jr.', 'Cumque qui minus rem. Et aut omnis deleniti dolorem. Facere consectetur quia quia blanditiis veniam. Quasi iusto sunt quod veniam nesciunt aliquid aut. Recusandae sed fugiat id cum rerum aliquam et.', 5, 17, '2019-09-18 08:06:00', '2019-09-18 08:06:00'),
(278, 'Tamara Schuppe', 'Aut minima ratione vitae praesentium minima et corrupti mollitia. Sed sunt incidunt facilis possimus. Illo in et voluptatibus aut neque incidunt necessitatibus voluptates. Possimus consequatur voluptas esse nulla. Officiis ut consequatur qui sint molestias adipisci nam.', 3, 17, '2019-09-18 08:06:00', '2019-09-18 08:06:00'),
(279, 'Foster Kunze DDS', 'Quam hic in rem omnis. Ut cumque illo dolor cumque esse. Et atque error aspernatur voluptatem fugit veritatis odit. Consequatur sapiente voluptatem rerum esse molestiae numquam.', 0, 44, '2019-09-18 08:06:00', '2019-09-18 08:06:00'),
(280, 'Milton Gutmann', 'Sequi in non nobis voluptatem consequatur. Repudiandae sint eos est ut consequuntur alias. Velit voluptatem dignissimos et quo mollitia officia molestiae nisi. Esse sapiente alias doloribus non et perferendis facere. Eveniet qui possimus ratione occaecati.', 5, 35, '2019-09-18 08:06:00', '2019-09-18 08:06:00'),
(281, 'Osbaldo Barton V', 'Nostrum animi est et sed qui. Est consequatur quidem sint veritatis. Quis rerum in deserunt consectetur nisi doloremque. Velit recusandae dolorum qui molestiae.', 1, 19, '2019-09-18 08:06:00', '2019-09-18 08:06:00'),
(282, 'Ms. Ivah Feest', 'Omnis incidunt nisi est sed dolores quia quam. Quis qui excepturi adipisci ea repudiandae quisquam sunt. Ut blanditiis suscipit quia est ut reiciendis asperiores aperiam. Sapiente nisi necessitatibus perspiciatis sequi et omnis dolor. Qui qui rerum quia libero.', 0, 49, '2019-09-18 08:06:00', '2019-09-18 08:06:00'),
(283, 'Ms. Alessia Adams', 'Quia quasi officiis labore sit. Culpa sed autem et atque quo quidem. Dignissimos omnis nam voluptas porro.', 3, 35, '2019-09-18 08:06:00', '2019-09-18 08:06:00'),
(284, 'Dr. Helene Lueilwitz', 'Quod deserunt dolores expedita eveniet totam. Minima deserunt qui necessitatibus voluptatem blanditiis labore. Aliquid et saepe voluptatem et maxime.', 5, 18, '2019-09-18 08:06:00', '2019-09-18 08:06:00'),
(285, 'Major Ritchie Jr.', 'Cumque rerum ut fuga expedita aspernatur quis. Rerum nihil consequatur enim officia. Quaerat nihil natus consequatur quisquam eligendi. Itaque non quos fugit deleniti atque quasi veniam.', 4, 17, '2019-09-18 08:06:00', '2019-09-18 08:06:00'),
(286, 'Oliver Jast', 'Fuga voluptate ea aspernatur vel quibusdam praesentium repellat. Sed exercitationem eos quae suscipit quos ea et magni.', 3, 39, '2019-09-18 08:06:00', '2019-09-18 08:06:00'),
(287, 'Wilma Christiansen III', 'Dicta iure corrupti blanditiis occaecati consequatur necessitatibus. Doloribus sequi et reprehenderit et. Nam in itaque adipisci ducimus blanditiis et qui. Unde et dolores quia eum et.', 1, 38, '2019-09-18 08:06:00', '2019-09-18 08:06:00'),
(288, 'Prof. Vena Weber PhD', 'Harum quis exercitationem necessitatibus ut nostrum. Excepturi earum quo modi quia eius facilis. Sequi enim aut velit repellendus dolor. Illum eos quo quod dolor.', 0, 31, '2019-09-18 08:06:00', '2019-09-18 08:06:00'),
(289, 'Veda Hoeger', 'Odit unde sed optio natus. Saepe fugit ratione autem rerum. Perspiciatis rerum aspernatur soluta quia et itaque.', 5, 29, '2019-09-18 08:06:00', '2019-09-18 08:06:00'),
(290, 'Buster Spencer', 'Sed autem qui veritatis accusantium quia. Rerum vel et vel quae vero rerum suscipit. Exercitationem dolor et assumenda qui est.', 2, 27, '2019-09-18 08:06:00', '2019-09-18 08:06:00'),
(291, 'Arnold Parker', 'Ut distinctio ea repellendus. Quisquam est nostrum aut rerum quo et totam. Placeat autem aut nobis nihil ab et.', 2, 11, '2019-09-18 08:06:00', '2019-09-18 08:06:00'),
(292, 'Prof. Terrence Cormier', 'Et qui dolor perspiciatis voluptatum non recusandae. Distinctio eum ipsam et quasi dolorem accusantium placeat cumque. Vel veritatis qui ut voluptas.', 4, 14, '2019-09-18 08:06:00', '2019-09-18 08:06:00'),
(293, 'Brendon Kirlin', 'Sed distinctio ut sed et. Dicta harum mollitia quam sed voluptate. Distinctio voluptatem magni assumenda culpa cum nihil fugiat aut.', 5, 45, '2019-09-18 08:06:00', '2019-09-18 08:06:00'),
(294, 'Prof. Elias Grimes', 'Et velit tempore perspiciatis repudiandae in. Ipsa qui maiores vel aut necessitatibus. Eos est eius quia ex minima et. Dolor autem consequuntur fugiat optio.', 3, 21, '2019-09-18 08:06:00', '2019-09-18 08:06:00'),
(295, 'Tito Kuphal', 'Quasi iure magnam distinctio cumque. Cupiditate odio at dolores pariatur aliquid. Tempore ut alias dignissimos mollitia non.', 1, 45, '2019-09-18 08:06:00', '2019-09-18 08:06:00'),
(296, 'Uriel Kerluke', 'Fugiat quas vel iure incidunt rerum recusandae sed. Et ipsum ut qui ut repellendus debitis ut ex. Quia et rerum voluptatum dolores.', 5, 21, '2019-09-18 08:06:00', '2019-09-18 08:06:00'),
(297, 'Lonzo Bruen', 'Fugiat deleniti voluptate voluptatum magni beatae inventore velit. Sed voluptas eos necessitatibus. Quos voluptatum numquam architecto cum aut.', 3, 12, '2019-09-18 08:06:00', '2019-09-18 08:06:00'),
(298, 'Newton Little', 'Et sapiente autem amet aut est dicta. Aut dolorum similique cumque consequatur voluptatum vero. Sit ad quas sed saepe quos quas. Est sint ipsa enim sint officiis et nihil repellat.', 1, 37, '2019-09-18 08:06:00', '2019-09-18 08:06:00'),
(299, 'Johnpaul Cruickshank Sr.', 'Voluptatibus ut qui aliquam quisquam. Sint rerum rem consequatur saepe. Ipsam reprehenderit ut omnis qui laboriosam nostrum dolore pariatur. Qui voluptas autem doloremque.', 1, 22, '2019-09-18 08:06:00', '2019-09-18 08:06:00'),
(300, 'Alanna Lindgren', 'Rerum voluptatem vel iusto sit doloribus sapiente rerum veniam. Nihil voluptatem inventore in et sunt dolorem dicta. Voluptas eum explicabo labore. Libero sint ut doloremque voluptas eaque.', 4, 33, '2019-09-18 08:06:00', '2019-09-18 08:06:00');

-- --------------------------------------------------------

--
-- Structure de la table `users`
--

DROP TABLE IF EXISTS `users`;
CREATE TABLE IF NOT EXISTS `users` (
  `id` bigint(20) UNSIGNED NOT NULL AUTO_INCREMENT,
  `name` varchar(255) COLLATE utf8mb4_unicode_ci NOT NULL,
  `email` varchar(255) COLLATE utf8mb4_unicode_ci NOT NULL,
  `email_verified_at` timestamp NULL DEFAULT NULL,
  `password` varchar(255) COLLATE utf8mb4_unicode_ci NOT NULL,
  `remember_token` varchar(100) COLLATE utf8mb4_unicode_ci DEFAULT NULL,
  `created_at` timestamp NULL DEFAULT NULL,
  `updated_at` timestamp NULL DEFAULT NULL,
  PRIMARY KEY (`id`),
  UNIQUE KEY `users_email_unique` (`email`)
) ENGINE=InnoDB DEFAULT CHARSET=utf8mb4 COLLATE=utf8mb4_unicode_ci;

--
-- Contraintes pour les tables déchargées
--

--
-- Contraintes pour la table `reviews`
--
ALTER TABLE `reviews`
  ADD CONSTRAINT `reviews_product_id_foreign` FOREIGN KEY (`product_id`) REFERENCES `products` (`id`) ON DELETE CASCADE;
COMMIT;

/*!40101 SET CHARACTER_SET_CLIENT=@OLD_CHARACTER_SET_CLIENT */;
/*!40101 SET CHARACTER_SET_RESULTS=@OLD_CHARACTER_SET_RESULTS */;
/*!40101 SET COLLATION_CONNECTION=@OLD_COLLATION_CONNECTION */;
